loggingTime,loggingSample,locationTimestamp_since1970,locationLatitude,locationLongitude,locationAltitude,locationHeadingTimestamp_since1970,locationMagneticHeading,accelerometerTimestamp_sinceReboot,accelerometerAccelerationX,accelerometerAccelerationY,accelerometerAccelerationZ,gyroTimestamp_sinceReboot,gyroRotationX,gyroRotationY,gyroRotationZ
2015-04-09 17:44:34.763,1,1428590673.838302,51.7356636515369,39.26763989034972,92.41064,1428590674.737783,53.76145935058594,619799.7032226668,0.0398712158203125,-0.1982879638671875,-0.9674530029296875,619799.7003336668,-0.1503666025197269,0.2692067040550958,0.005688512088409253
2015-04-09 17:44:34.777,2,1428590673.838302,51.7356636515369,39.26763989034972,92.41064,1428590674.737783,53.76145935058594,619799.7227136667,0.0500335693359375,-0.1865081787109375,-1.009674072265625,619799.7220016667,-0.1690316333356563,0.2198234416456475,0.009906160306767742
2015-04-09 17:44:34.811,3,1428590673.838302,51.7356636515369,39.26763989034972,92.41064,1428590674.776776,53.68988037109375,619799.7421846667,0.0503997802734375,-0.1768798828125,-1.014450073242188,619799.7436686667,-0.2257508392838369,-0.1041748723606296,-0.03811569415343207
2015-04-09 17:44:34.813,4,1428590673.838302,51.7356636515369,39.26763989034972,92.41064,1428590674.776776,53.68988037109375,619799.7616246667,0.071929931640625,-0.1901397705078125,-1.006576538085938,619799.7653666667,-0.2204681929455557,-0.135447307776994,-0.03583176720258012
2015-04-09 17:44:34.818,5,1428590673.838302,51.7356636515369,39.26763989034972,92.41064,1428590674.776776,53.68988037109375,619799.7810946667,0.0518341064453125,-0.1688232421875,-0.9972686767578125,619799.7870336667,-0.2345027855741643,-0.09331796354470354,-0.0163443522420343
2015-04-09 17:44:34.822,6,1428590673.838302,51.7356636515369,39.26763989034972,92.41064,1428590674.816058,53.97256469726562,619799.8005636667,0.0518646240234375,-0.1834869384765625,-0.983245849609375,619799.7870336667,-0.2345027855741643,-0.09331796354470354,-0.0163443522420343
2015-04-09 17:44:34.835,7,1428590673.838302,51.7356636515369,39.26763989034972,92.41064,1428590674.816058,53.97256469726562,619799.8200486667,0.0979461669921875,-0.20611572265625,-0.9521331787109375,619799.8087006666,-0.2246445621670179,-0.01989274807845588,-0.02295058964208486
2015-04-09 17:44:34.854,8,1428590674.828912,51.73566398681303,39.26762790422818,92.93591,1428590674.836611,54.03850173950195,619799.8394886667,0.0861663818359375,-0.19915771484375,-0.9463653564453125,619799.8303686667,-0.2467205697071208,-0.001884719103449077,-0.01709483103721863
2015-04-09 17:44:34.888,9,1428590674.828912,51.73566398681303,39.26762790422818,92.93591,1428590674.874115,54.33058929443359,619799.8589756667,0.0855712890625,-0.2003936767578125,-0.95379638671875,619799.8520366667,-0.2646265996123776,0.05349198733922257,0.01091603099212579
2015-04-09 17:44:34.893,10,1428590674.828912,51.73566398681303,39.26762790422818,92.93591,1428590674.874115,54.33058929443359,619799.8784446667,0.0973663330078125,-0.18060302734375,-0.944915771484375,619799.8737036667,-0.2462587775741011,0.116153504627697,0.02497725523163516
2015-04-09 17:44:34.912,11,1428590674.828912,51.73566398681303,39.26762790422818,92.93591,1428590674.874115,54.33058929443359,619799.8979146667,0.0967254638671875,-0.167694091796875,-0.94366455078125,619799.8954016668,-0.2451719415332397,0.1245810778972527,0.02505342163881143
2015-04-09 17:44:34.931,12,1428590674.828912,51.73566398681303,39.26762790422818,92.93591,1428590674.913448,54.06967163085938,619799.9173546667,0.095916748046875,-0.1630859375,-0.9710845947265625,619799.9170696667,-0.242662178521949,0.1245528483896979,0.009327189085784516
2015-04-09 17:44:34.968,13,1428590674.828912,51.73566398681303,39.26762790422818,92.93591,1428590674.953107,54.03261566162109,619799.9368446667,0.09246826171875,-0.1582183837890625,-0.974029541015625,619799.9387366667,-0.2277535364235765,0.02823483387702008,-0.02508218377858428
2015-04-09 17:44:34.971,14,1428590674.828912,51.73566398681303,39.26762790422818,92.93591,1428590674.953107,54.03261566162109,619799.9562946667,0.0775299072265625,-0.1571502685546875,-0.984283447265625,619799.9604046667,-0.2020745382447054,0.02101713469068733,-0.05384672039642113
2015-04-09 17:44:34.990,15,1428590674.828912,51.73566398681303,39.26762790422818,92.93591,1428590674.953107,54.03261566162109,619799.9757636667,0.0676727294921875,-0.1684722900390625,-1.000823974609375,619799.9820716667,-0.1851144631586448,0.0007091997982881011,-0.00522831785204356
2015-04-09 17:44:35.010,16,1428590674.828912,51.73566398681303,39.26762790422818,92.93591,1428590674.992972,54.02293395996094,619799.9952356667,0.0495147705078125,-0.1800994873046875,-1.000411987304688,619799.9820716667,-0.1851144631586448,0.0007091997982881011,-0.00522831785204356
2015-04-09 17:44:35.047,17,1428590674.828912,51.73566398681303,39.26762790422818,92.93591,1428590675.032455,53.98919677734375,619800.0147056667,0.064605712890625,-0.203399658203125,-0.99139404296875,619800.0037456667,-0.1468107498322531,0.01772413600280436,0.02457618317146923
2015-04-09 17:44:35.049,18,1428590674.828912,51.73566398681303,39.26762790422818,92.93591,1428590675.032455,53.98919677734375,619800.0341756667,0.0729827880859375,-0.21624755859375,-0.983001708984375,619800.0254376667,-0.1515522418370302,0.01288677019878443,0.01961950775061375
2015-04-09 17:44:35.068,19,1428590674.828912,51.73566398681303,39.26762790422818,92.93591,1428590675.032455,53.98919677734375,619800.0536466667,0.057952880859375,-0.22381591796875,-0.979583740234375,619800.0470926667,-0.1973367746654544,0.01149526852921802,-0.0114004599944112
2015-04-09 17:44:35.087,20,1428590674.828912,51.73566398681303,39.26762790422818,92.93591,1428590675.072213,53.95736312866211,619800.0730946667,0.0521697998046875,-0.2317657470703125,-0.969512939453125,619800.0687726667,-0.2673097344106324,0.0004625910813467637,-0.01981578272295259
2015-04-09 17:44:35.128,21,1428590674.828912,51.73566398681303,39.26762790422818,92.93591,1428590675.11185,53.91742706298828,619800.0925556667,0.0551300048828125,-0.2413787841796875,-0.9626312255859375,619800.0904396668,-0.2915604792968939,0.006402771892768505,-0.02620470617805268
2015-04-09 17:44:35.132,22,1428590674.828912,51.73566398681303,39.26762790422818,92.93591,1428590675.11185,53.91742706298828,619800.1120256667,0.0753936767578125,-0.2508087158203125,-0.954925537109375,619800.1121066667,-0.2703776959864037,0.05096784325804547,-0.03526877494813737
2015-04-09 17:44:35.146,23,1428590674.828912,51.73566398681303,39.26762790422818,92.93591,1428590675.11185,53.91742706298828,619800.1314736668,0.075836181640625,-0.25311279296875,-0.9678802490234375,619800.1337746667,-0.2001496054087961,0.05113189398119435,-0.04390327583439228
2015-04-09 17:44:35.165,24,1428590674.828912,51.73566398681303,39.26762790422818,92.93591,1428590675.151516,53.31245040893555,619800.1509676666,0.0705108642578125,-0.2565155029296875,-0.979156494140625,619800.1554566667,-0.09222260538835395,0.04055035602198252,-0.05810511497945783
2015-04-09 17:44:35.216,25,1428590674.828912,51.73566398681303,39.26762790422818,92.93591,1428590675.171942,53.34984970092773,619800.1704266667,0.07763671875,-0.2545166015625,-0.99444580078125,619800.1771396667,-0.04488624859274052,0.02984631265262703,-0.05625022328021764
2015-04-09 17:44:35.219,26,1428590674.828912,51.73566398681303,39.26762790422818,92.93591,1428590675.210905,53.23588180541992,619800.1898766668,0.0700225830078125,-0.2423248291015625,-1.00628662109375,619800.1771396667,-0.04488624859274052,0.02984631265262703,-0.05625022328021764
2015-04-09 17:44:35.224,27,1428590674.828912,51.73566398681303,39.26762790422818,92.93591,1428590675.210905,53.23588180541992,619800.2093466667,0.0562896728515625,-0.2372283935546875,-0.99261474609375,619800.1988176667,-0.05824146882726988,-0.03286900048986697,-0.1005513753814677
2015-04-09 17:44:35.243,28,1428590674.828912,51.73566398681303,39.26762790422818,92.93591,1428590675.210905,53.23588180541992,619800.2288176666,0.0459747314453125,-0.2359161376953125,-0.9609222412109375,619800.2204746667,-0.08681985048491019,-0.0714171920043279,-0.08306852177342458
2015-04-09 17:44:35.293,29,1428590674.828912,51.73566398681303,39.26762790422818,92.93591,1428590675.270795,52.81716918945312,619800.2482876667,0.0289154052734375,-0.2317657470703125,-0.9423370361328125,619800.2421466667,-0.1063599960350396,-0.06182448575786249,-0.0760212648968569
2015-04-09 17:44:35.295,30,1428590674.828912,51.73566398681303,39.26762790422818,92.93591,1428590675.270795,52.81716918945312,619800.2677526667,0.0308837890625,-0.2369384765625,-0.9254608154296875,619800.2638406667,-0.08662597235755241,-0.07149176051485012,-0.1170195646141907
2015-04-09 17:44:35.301,31,1428590674.828912,51.73566398681303,39.26762790422818,92.93591,1428590675.270795,52.81716918945312,619800.2871976667,0.034149169921875,-0.2391204833984375,-0.9247283935546875,619800.2638406667,-0.08662597235755241,-0.07149176051485012,-0.1170195646141907
2015-04-09 17:44:35.321,32,1428590674.828912,51.73566398681303,39.26762790422818,92.93591,1428590675.310057,53.21006774902344,619800.3066676666,0.0299224853515625,-0.2432098388671875,-0.9394989013671875,619800.3071756667,-0.05988836764537488,-0.06787758459950359,-0.1469039604704059
2015-04-09 17:44:35.342,33,1428590674.828912,51.73566398681303,39.26762790422818,92.93591,1428590675.330363,53.27054977416992,619800.3261386667,0.0376129150390625,-0.2509002685546875,-0.944915771484375,619800.3288426667,-0.04948765832417943,-0.1219820989894444,-0.1350030925071688
2015-04-09 17:44:35.379,34,1428590674.828912,51.73566398681303,39.26762790422818,92.93591,1428590675.370339,53.55810165405273,619800.3456136667,0.0457305908203125,-0.254974365234375,-0.9466400146484375,619800.3505106667,-0.0515638587100052,-0.1412681789715802,-0.1460847721190975
2015-04-09 17:44:35.381,35,1428590674.828912,51.73566398681303,39.26762790422818,92.93591,1428590675.370339,53.55810165405273,619800.3650926667,0.0521087646484375,-0.2656707763671875,-0.9674072265625,619800.3721776668,-0.1041988408104403,-0.2450260003055034,-0.1997607838896446
2015-04-09 17:44:35.401,36,1428590674.828912,51.73566398681303,39.26762790422818,92.93591,1428590675.370339,53.55810165405273,619800.3845486667,0.0518798828125,-0.281890869140625,-0.97003173828125,619800.3721776668,-0.1041988408104403,-0.2450260003055034,-0.1997607838896446
2015-04-09 17:44:35.423,37,1428590674.828912,51.73566398681303,39.26762790422818,92.93591,1428590675.410046,53.34775924682617,619800.4040186667,0.0366363525390625,-0.288604736328125,-0.981414794921875,619800.3938716667,-0.09115228094625109,-0.3738763917462621,-0.248980261892053
2015-04-09 17:44:35.461,38,1428590674.828912,51.73566398681303,39.26762790422818,92.93591,1428590675.448544,53.12837982177734,619800.4234896667,0.0171966552734375,-0.273406982421875,-1.012313842773438,619800.4155436667,-0.06560431029301195,-0.3834371400596466,-0.2486604162451345
2015-04-09 17:44:35.463,39,1428590674.828912,51.73566398681303,39.26762790422818,92.93591,1428590675.448544,53.12837982177734,619800.4429586667,0.00860595703125,-0.2735748291015625,-1.015243530273438,619800.4372106667,-0.01875957303462716,-0.3628373227117747,-0.2405281875404685
2015-04-09 17:44:35.477,40,1428590674.828912,51.73566398681303,39.26762790422818,92.93591,1428590675.448544,53.12837982177734,619800.4624166667,0.0206451416015625,-0.276458740234375,-1.01458740234375,619800.4588786667,-0.02417111636966817,-0.3434825331735148,-0.1895430337353376
2015-04-09 17:44:35.496,41,1428590674.828912,51.73566398681303,39.26762790422818,92.93591,1428590675.488367,53.52607727050781,619800.4818996667,0.01788330078125,-0.2810516357421875,-1.021682739257812,619800.4588786667,-0.02417111636966817,-0.3434825331735148,-0.1895430337353376
2015-04-09 17:44:35.533,42,1428590674.828912,51.73566398681303,39.26762790422818,92.93591,1428590675.508845,53.59096145629883,619800.5013386667,0.028961181640625,-0.2993621826171875,-1.012374877929688,619800.5022206667,-0.2597719232612721,-0.1621199313585736,-0.07784606287577919
2015-04-09 17:44:35.536,43,1428590674.828912,51.73566398681303,39.26762790422818,92.93591,1428590675.508845,53.59096145629883,619800.5208086667,0.0082855224609375,-0.332763671875,-1.012405395507812,619800.5239116667,-0.5213007338936695,-0.3084752806444232,-0.09982646293274818
2015-04-09 17:44:35.555,44,1428590674.828912,51.73566398681303,39.26762790422818,92.93591,1428590675.547685,53.26911163330078,619800.5402796667,0.0035400390625,-0.321197509765625,-1.024581909179688,619800.5455786667,-0.4744248376505308,-0.3422084769080209,-0.1708990418920198
2015-04-09 17:44:35.575,45,1428590674.828912,51.73566398681303,39.26762790422818,92.93591,1428590675.547685,53.26911163330078,619800.5597526667,0.0504302978515625,-0.2812042236328125,-1.028564453125,619800.5672466668,-0.2655568417811422,-0.2225422628025094,-0.1826473107247954
2015-04-09 17:44:35.619,46,1428590674.828912,51.73566398681303,39.26762790422818,92.93591,1428590675.587423,53.26282501220703,619800.5792196667,0.0478515625,-0.1874847412109375,-1.052581787109375,619800.5672466668,-0.2655568417811422,-0.2225422628025094,-0.1826473107247954
2015-04-09 17:44:35.621,47,1428590674.828912,51.73566398681303,39.26762790422818,92.93591,1428590675.607518,53.1361083984375,619800.5986896667,0.0478363037109375,-0.1347808837890625,-1.098007202148438,619800.5889136667,-0.1427536902276264,-0.01281726169433336,-0.1853624034561312
2015-04-09 17:44:35.632,48,1428590674.828912,51.73566398681303,39.26762790422818,92.93591,1428590675.607518,53.1361083984375,619800.6181596667,0.01019287109375,-0.127838134765625,-1.069427490234375,619800.6105816667,-0.09563171789976438,0.0763576221425339,-0.1888665908184574
2015-04-09 17:44:35.652,49,1428590674.828912,51.73566398681303,39.26762790422818,92.93591,1428590675.6473,53.42377853393555,619800.6376316667,-0.003692626953125,-0.1352996826171875,-1.030838012695312,619800.6322486667,-0.04374135564011546,0.1196286635341414,-0.2750819037359196
2015-04-09 17:44:35.705,50,1428590674.828912,51.73566398681303,39.26762790422818,92.93591,1428590675.686536,53.57789611816406,619800.6570986666,-0.053863525390625,-0.1358184814453125,-1.019180297851562,619800.6539466667,-0.01351820569324221,0.07856058899624745,-0.3779872472049084
2015-04-09 17:44:35.708,51,1428590674.828912,51.73566398681303,39.26762790422818,92.93591,1428590675.686536,53.57789611816406,619800.6765706667,-0.10443115234375,-0.12823486328125,-1.012664794921875,619800.6539466667,-0.01351820569324221,0.07856058899624745,-0.3779872472049084
2015-04-09 17:44:35.710,52,1428590674.828912,51.73566398681303,39.26762790422818,92.93591,1428590675.686536,53.57789611816406,619800.6960416667,-0.1271209716796875,-0.110626220703125,-0.9972381591796875,619800.6972816667,0.27227120352145,0.1670443825302391,-0.4312312942466446
2015-04-09 17:44:35.730,53,1428590674.828912,51.73566398681303,39.26762790422818,92.93591,1428590675.726494,54.13732528686523,619800.7155116667,-0.140167236328125,-0.0450286865234375,-0.9904632568359375,619800.7189496667,0.2568554955515263,0.3018525316456142,-0.4062580337566446
2015-04-09 17:44:35.777,54,1428590674.828912,51.73566398681303,39.26762790422818,92.93591,1428590675.726494,54.13732528686523,619800.7349826667,-0.1338958740234375,-0.029632568359375,-0.9605712890625,619800.7189496667,0.2568554955515263,0.3018525316456142,-0.4062580337566446
2015-04-09 17:44:35.779,55,1428590674.828912,51.73566398681303,39.26762790422818,92.93591,1428590675.765652,54.57839965820312,619800.7544206667,-0.1710662841796875,-0.052001953125,-0.9251251220703125,619800.7406326667,0.07370511369681498,0.4288677387791993,-0.4420903335914427
2015-04-09 17:44:35.788,56,1428590674.828912,51.73566398681303,39.26762790422818,92.93591,1428590675.765652,54.57839965820312,619800.7738916667,-0.207305908203125,-0.0559539794921875,-0.9026336669921875,619800.7623096667,-0.1836044508205699,0.3861503685782193,-0.4074921426057873
2015-04-09 17:44:35.808,57,1428590674.828912,51.73566398681303,39.26762790422818,92.93591,1428590675.80371,54.84795379638672,619800.7933626667,-0.190155029296875,-0.0775146484375,-0.9235382080078125,619800.7839816667,-0.3110755911327766,0.3077263997458929,-0.3457121316381291
2015-04-09 17:44:35.853,58,1428590675.839358,51.73571352386077,39.26752874631367,92.25446,1428590675.80371,54.84795379638672,619800.8128326667,-0.1200103759765625,-0.0952911376953125,-0.975982666015625,619800.8056496667,-0.3347449679530738,0.182531729533486,-0.3311936426394532
2015-04-09 17:44:35.857,59,1428590675.839358,51.73571352386077,39.26752874631367,92.25446,1428590675.846484,55.35628890991211,619800.8323026667,-0.03839111328125,-0.068817138671875,-1.00445556640625,619800.8273226666,-0.19093560066934,0.009710684282755927,-0.2817310180295204
2015-04-09 17:44:35.867,60,1428590675.839358,51.73571352386077,39.26752874631367,92.25446,1428590675.846484,55.35628890991211,619800.851867625,0.0062408447265625,-0.0320281982421875,-1.043716430664062,619800.8273226666,-0.19093560066934,0.009710684282755927,-0.2817310180295204
2015-04-09 17:44:35.885,61,1428590675.839358,51.73571352386077,39.26752874631367,92.25446,1428590675.846484,55.35628890991211,619800.8713386251,0.0412445068359375,-0.0319976806640625,-1.04986572265625,619800.8707726251,-0.06956656136283185,-0.01717259534104894,-0.06423331496383916
2015-04-09 17:44:35.938,62,1428590675.839358,51.73571352386077,39.26752874631367,92.25446,1428590675.922587,56.29357147216797,619800.890808625,0.0516357421875,-0.0685272216796875,-0.97235107421875,619800.892444625,-0.1595406598428319,-0.07036284652876554,-0.0647622187563289
2015-04-09 17:44:35.940,63,1428590675.839358,51.73571352386077,39.26752874631367,92.25446,1428590675.922587,56.29357147216797,619800.9102786251,0.0109100341796875,-0.114501953125,-0.9121551513671875,619800.9141126251,-0.2281655274442117,-0.01037034928476855,-0.06659101147688631
2015-04-09 17:44:35.944,64,1428590675.839358,51.73571352386077,39.26752874631367,92.25446,1428590675.922587,56.29357147216797,619800.929750625,-0.0367889404296875,-0.134490966796875,-0.8620147705078125,619800.9357796251,-0.2493789371072379,0.04367610819340852,-0.09199517143126117
2015-04-09 17:44:35.964,65,1428590675.839358,51.73571352386077,39.26752874631367,92.25446,1428590675.94272,56.75798034667969,619800.949209625,-0.0563507080078125,-0.16070556640625,-0.86566162109375,619800.9357796251,-0.2493789371072379,0.04367610819340852,-0.09199517143126117
2015-04-09 17:44:36.016,66,1428590675.839358,51.73571352386077,39.26752874631367,92.25446,1428590675.981945,55.51747512817383,619800.968689625,-0.0611419677734375,-0.1684722900390625,-0.88909912109375,619800.9574546251,-0.177527383529118,0.1063823665881962,-0.1207767522800745
2015-04-09 17:44:36.020,67,1428590675.839358,51.73571352386077,39.26752874631367,92.25446,1428590676.00201,56.14136505126953,619800.988147625,-0.065460205078125,-0.1580810546875,-0.9171905517578125,619800.979114625,-0.08011933718227082,0.1523442659452198,-0.1323125008578618
2015-04-09 17:44:36.023,68,1428590675.839358,51.73571352386077,39.26752874631367,92.25446,1428590676.00201,56.14136505126953,619801.007598625,-0.0475006103515625,-0.1609344482421875,-0.9511871337890625,619801.0007826251,-0.0599291140100531,0.1692979494446642,-0.1088463232287376
2015-04-09 17:44:36.041,69,1428590675.839358,51.73571352386077,39.26752874631367,92.25446,1428590676.022669,56.23012542724609,619801.0270696251,-0.031463623046875,-0.1715087890625,-0.960113525390625,619801.0224806251,-0.1184523452806534,0.2356056005815661,0.01199780702691598
2015-04-09 17:44:36.061,70,1428590675.839358,51.73571352386077,39.26752874631367,92.25446,1428590676.022669,56.23012542724609,619801.046538625,-0.0173187255859375,-0.18060302734375,-0.9584503173828125,619801.044147625,-0.08599906423694777,0.2996687395517492,0.09904003146284779
2015-04-09 17:44:36.094,71,1428590675.839358,51.73571352386077,39.26752874631367,92.25446,1428590676.061754,56.2360954284668,619801.0660086251,0.0125885009765625,-0.2178497314453125,-0.9293365478515625,619801.065815625,-0.05654317100012635,0.338347958591842,0.1397773413933538
2015-04-09 17:44:36.100,72,1428590675.839358,51.73571352386077,39.26752874631367,92.25446,1428590676.061754,56.2360954284668,619801.085487625,0.0025482177734375,-0.2403564453125,-0.9434661865234375,619801.087482625,-0.1029948256816155,0.2936625123452934,0.1242047732352245
2015-04-09 17:44:36.119,73,1428590675.839358,51.73571352386077,39.26752874631367,92.25446,1428590676.101166,56.07032775878906,619801.1049496251,-0.0274658203125,-0.24957275390625,-0.9455108642578125,619801.1091506251,-0.2100088940803785,0.2620076469963936,0.08597855789655416
2015-04-09 17:44:36.141,74,1428590675.839358,51.73571352386077,39.26752874631367,92.25446,1428590676.12128,55.93031311035156,619801.1244106251,-0.0677032470703125,-0.262847900390625,-0.9519195556640625,619801.1308176251,-0.2515645934138659,0.2125263802588304,0.07287154427562018
2015-04-09 17:44:36.175,75,1428590675.839358,51.73571352386077,39.26752874631367,92.25446,1428590676.160312,55.37184143066406,619801.143890625,-0.0958404541015625,-0.2695770263671875,-0.942474365234375,619801.1308176251,-0.2515645934138659,0.2125263802588304,0.07287154427562018
2015-04-09 17:44:36.177,76,1428590675.839358,51.73571352386077,39.26752874631367,92.25446,1428590676.160312,55.37184143066406,619801.163360625,-0.097381591796875,-0.2685699462890625,-0.9709320068359375,619801.1524956251,-0.226729018352223,0.1608858225094309,0.09349719428606586
2015-04-09 17:44:36.198,77,1428590675.839358,51.73571352386077,39.26752874631367,92.25446,1428590676.180812,55.07192230224609,619801.182836625,-0.0738372802734375,-0.2719573974609375,-1.014434814453125,619801.1741746251,-0.2172769270113137,0.1538183256085786,0.1517964537089905
2015-04-09 17:44:36.216,78,1428590675.839358,51.73571352386077,39.26752874631367,92.25446,1428590676.180812,55.07192230224609,619801.202300625,-0.0389251708984375,-0.2664642333984375,-1.038925170898438,619801.1958506251,-0.2171200668231081,0.1877347473551738,0.2502615086924901
2015-04-09 17:44:36.256,79,1428590675.839358,51.73571352386077,39.26752874631367,92.25446,1428590676.219759,54.70986557006836,619801.221759625,-0.01153564453125,-0.250762939453125,-1.061050415039062,619801.2175186251,-0.2944931522892892,0.3971428322936303,0.3403048493608322
2015-04-09 17:44:36.258,80,1428590675.839358,51.73571352386077,39.26752874631367,92.25446,1428590676.219759,54.70986557006836,619801.241241625,0.0140533447265625,-0.2623291015625,-1.097976684570312,619801.239185625,-0.5874318174502992,0.4598530854300532,0.1992787517323402
2015-04-09 17:44:36.275,81,1428590675.839358,51.73571352386077,39.26752874631367,92.25446,1428590676.259258,53.50112152099609,619801.260712625,0.0025634765625,-0.26318359375,-1.110733032226562,619801.260883625,-0.7282685643252865,0.1401973218972594,0.03723764994203295
2015-04-09 17:44:36.296,82,1428590675.839358,51.73571352386077,39.26752874631367,92.25446,1428590676.279352,53.23644638061523,619801.280193625,0.0354156494140625,-0.1656036376953125,-1.132186889648438,619801.282551625,-0.459207535181818,0.1878671064613507,0.05135773004163307
2015-04-09 17:44:36.328,83,1428590675.839358,51.73571352386077,39.26752874631367,92.25446,1428590676.30189,53.28204727172852,619801.299651625,0.0880584716796875,-0.10284423828125,-1.206588745117188,619801.3042186251,-0.06640379125225374,0.3611299701369249,0.1131113757144994
2015-04-09 17:44:36.333,84,1428590675.839358,51.73571352386077,39.26752874631367,92.25446,1428590676.30189,53.28204727172852,619801.319120625,0.1268157958984375,-0.0516357421875,-1.226303100585938,619801.325886625,0.3769134606533885,0.340565040199333,0.08694981274610605
2015-04-09 17:44:36.353,85,1428590675.839358,51.73571352386077,39.26752874631367,92.25446,1428590676.338771,53.78815460205078,619801.338591625,0.129058837890625,-0.0093231201171875,-1.2320556640625,619801.325886625,0.3769134606533885,0.340565040199333,0.08694981274610605
2015-04-09 17:44:36.372,86,1428590675.839358,51.73571352386077,39.26752874631367,92.25446,1428590676.338771,53.78815460205078,619801.3580636251,0.109100341796875,0.0442352294921875,-1.218017578125,619801.347572625,0.688492122916081,0.3619526205976503,0.1391200732363223
2015-04-09 17:44:36.413,87,1428590675.839358,51.73571352386077,39.26752874631367,92.25446,1428590676.378349,54.00317001342773,619801.377532625,0.0512542724609375,0.039154052734375,-1.146774291992188,619801.369221625,0.6606250715856009,0.4944709838077752,0.2317951496938807
2015-04-09 17:44:36.415,88,1428590675.839358,51.73571352386077,39.26752874631367,92.25446,1428590676.378349,54.00317001342773,619801.397002625,0.006622314453125,-0.0038909912109375,-0.992767333984375,619801.3909196251,0.2987685911033024,0.4093164079524916,0.2475301706785049
2015-04-09 17:44:36.431,89,1428590675.839358,51.73571352386077,39.26752874631367,92.25446,1428590676.418035,53.67673110961914,619801.416487625,-0.0051422119140625,-0.0392303466796875,-0.867523193359375,619801.412590625,-0.01699922355408479,0.1258434162539503,0.3268289879289223
2015-04-09 17:44:36.450,90,1428590675.839358,51.73571352386077,39.26752874631367,92.25446,1428590676.418035,53.67673110961914,619801.435942625,0.034210205078125,-0.05755615234375,-0.839996337890625,619801.412590625,-0.01699922355408479,0.1258434162539503,0.3268289879289223
2015-04-09 17:44:36.495,91,1428590675.839358,51.73571352386077,39.26752874631367,92.25446,1428590676.457747,53.35270690917969,619801.455413625,0.121307373046875,-0.0440826416015625,-0.88861083984375,619801.455921625,-0.07244384060455346,-0.06154139173398707,0.556272033748045
2015-04-09 17:44:36.501,92,1428590675.839358,51.73571352386077,39.26752874631367,92.25446,1428590676.457747,53.35270690917969,619801.4748836251,0.1571197509765625,-0.016571044921875,-0.946868896484375,619801.477588625,-0.03590260728757622,-0.07350697451171309,0.5446153776567682
2015-04-09 17:44:36.508,93,1428590675.839358,51.73571352386077,39.26752874631367,92.25446,1428590676.496796,52.92199325561523,619801.4943506251,0.165679931640625,0.019195556640625,-0.96002197265625,619801.499283625,-0.04394934852125065,-0.07369179789136458,0.4705219750730196
2015-04-09 17:44:36.528,94,1428590675.839358,51.73571352386077,39.26752874631367,92.25446,1428590676.496796,52.92199325561523,619801.5138246251,0.123046875,0.0242462158203125,-0.9585723876953125,619801.520929625,-0.1053493264013545,-0.0536272759225986,0.3642344170196302
2015-04-09 17:44:36.568,95,1428590675.839358,51.73571352386077,39.26752874631367,92.25446,1428590676.556719,52.64106750488281,619801.533295625,0.069000244140625,-0.0067901611328125,-0.939208984375,619801.520929625,-0.1053493264013545,-0.0536272759225986,0.3642344170196302
2015-04-09 17:44:36.572,96,1428590675.839358,51.73571352386077,39.26752874631367,92.25446,1428590676.556719,52.64106750488281,619801.5527656251,0.00762939453125,-0.0399627685546875,-0.896484375,619801.5426026251,-0.1155351186225806,-0.070680561646812,0.2839259953999638
2015-04-09 17:44:36.586,97,1428590675.839358,51.73571352386077,39.26752874631367,92.25446,1428590676.577502,52.97495651245117,619801.572203625,-0.01739501953125,-0.0798492431640625,-0.880889892578125,619801.564289625,-0.07047709613952993,0.006383863449028942,0.248776530068662
2015-04-09 17:44:36.606,98,1428590675.839358,51.73571352386077,39.26752874631367,92.25446,1428590676.577502,52.97495651245117,619801.5916746251,-0.0244598388671875,-0.1304779052734375,-0.883148193359375,619801.5859566251,-0.06293635551297057,0.1025010756155148,0.1659005548420501
2015-04-09 17:44:36.647,99,1428590675.839358,51.73571352386077,39.26752874631367,92.25446,1428590676.61651,52.51424407958984,619801.6111526251,-0.0167083740234375,-0.1569976806640625,-0.87554931640625,619801.6076246251,-0.1247520528392358,0.06960118245700288,0.0555937540715131
2015-04-09 17:44:36.649,100,1428590675.839358,51.73571352386077,39.26752874631367,92.25446,1428590676.61651,52.51424407958984,619801.6306156251,-0.01678466796875,-0.190032958984375,-0.8795623779296875,619801.6076246251,-0.1247520528392358,0.06960118245700288,0.0555937540715131
2015-04-09 17:44:36.665,101,1428590675.839358,51.73571352386077,39.26752874631367,92.25446,1428590676.655804,52.49465560913086,619801.650084625,-0.00164794921875,-0.209014892578125,-0.8914031982421875,619801.629292625,-0.0932732224383902,0.02492851938368671,-0.0461054437397788
2015-04-09 17:44:36.684,102,1428590675.839358,51.73571352386077,39.26752874631367,92.25446,1428590676.655804,52.49465560913086,619801.6695556251,0.0157318115234375,-0.209320068359375,-0.9248504638671875,619801.6726576251,0.008986304466254374,0.02495461836236949,-0.1549027648044589
2015-04-09 17:44:36.728,103,1428590675.839358,51.73571352386077,39.26752874631367,92.25446,1428590676.695578,52.22362899780273,619801.689025625,0.0188751220703125,-0.2095184326171875,-0.9445953369140625,619801.6943246251,0.06352810990718619,0.00711010747829355,-0.1250987964131641
2015-04-09 17:44:36.730,104,1428590675.839358,51.73571352386077,39.26752874631367,92.25446,1428590676.695578,52.22362899780273,619801.7084806251,0.0255126953125,-0.2239990234375,-0.928558349609375,619801.715992625,0.1406434013798476,0.06893778902946414,-0.01314243366343203
2015-04-09 17:44:36.742,105,1428590675.839358,51.73571352386077,39.26752874631367,92.25446,1428590676.734943,52.61436080932617,619801.727966625,0.0244903564453125,-0.2390899658203125,-0.9345245361328125,619801.715992625,0.1406434013798476,0.06893778902946414,-0.01314243366343203
2015-04-09 17:44:36.762,106,1428590675.839358,51.73571352386077,39.26752874631367,92.25446,1428590676.75547,52.10429000854492,619801.7474066251,0.0179290771484375,-0.2615966796875,-0.951690673828125,619801.737659625,0.02841832567612654,0.1120783355276577,0.03517822747107467
2015-04-09 17:44:36.808,107,1428590675.839358,51.73571352386077,39.26752874631367,92.25446,1428590676.794467,52.18675231933594,619801.766876625,0.0237274169921875,-0.276580810546875,-0.9706573486328125,619801.759357625,-0.09965974904850922,0.04658321483933901,-0.04241110667562088
2015-04-09 17:44:36.811,108,1428590675.839358,51.73571352386077,39.26752874631367,92.25446,1428590676.794467,52.18675231933594,619801.7863466251,0.010955810546875,-0.27581787109375,-0.9899749755859375,619801.7810256251,-0.1790067695146571,-0.02011006202340634,-0.1750503773992353
2015-04-09 17:44:36.821,109,1428590675.839358,51.73571352386077,39.26752874631367,92.25446,1428590676.794467,52.18675231933594,619801.8058226251,-0.0064697265625,-0.2564849853515625,-1.028121948242188,619801.8026926251,-0.24988573666268,-0.1286658343772163,-0.1999341556766087
2015-04-09 17:44:36.839,110,1428590675.839358,51.73571352386077,39.26752874631367,92.25446,1428590676.83189,51.87514877319336,619801.8252876251,0.01068115234375,-0.2303466796875,-1.069061279296875,619801.8026926251,-0.24988573666268,-0.1286658343772163,-0.1999341556766087
2015-04-09 17:44:36.861,111,1428590676.837569,51.73570564487179,39.26768892448327,94.08777,1428590676.83189,51.87514877319336,619801.844757625,0.00732421875,-0.2238616943359375,-1.115554809570312,619801.846038625,-0.8326863169773313,-0.05448215063251403,-0.2531166836971641
2015-04-09 17:44:36.892,112,1428590676.837569,51.73570564487179,39.26768892448327,94.08777,1428590676.871459,51.92757034301758,619801.8642276251,-0.005340576171875,-0.269287109375,-1.124801635742188,619801.8676956251,-0.8261330764829733,-0.07859441114209145,-0.279865740002029
2015-04-09 17:44:36.898,113,1428590676.837569,51.73570564487179,39.26768892448327,94.08777,1428590676.871459,51.92757034301758,619801.883696625,0.03314208984375,-0.174957275390625,-1.16851806640625,619801.8893936251,-0.4378284768989889,-0.01890418268181846,-0.4130043534300333
2015-04-09 17:44:36.917,114,1428590676.837569,51.73570564487179,39.26768892448327,94.08777,1428590676.911242,52.67593765258789,619801.9031676251,0.0393829345703125,-0.090606689453125,-1.226531982421875,619801.8893936251,-0.4378284768989889,-0.01890418268181846,-0.4130043534300333
2015-04-09 17:44:36.937,115,1428590676.837569,51.73570564487179,39.26768892448327,94.08777,1428590676.911242,52.67593765258789,619801.922638625,-0.0098876953125,0.01898193359375,-1.28778076171875,619801.911049625,0.2608614224632235,-0.1051173650704086,-0.4939628526717881
2015-04-09 17:44:36.968,116,1428590676.837569,51.73570564487179,39.26768892448327,94.08777,1428590676.951888,52.90678787231445,619801.9421076251,-0.00408935546875,0.1181793212890625,-1.304336547851562,619801.932728625,0.8683393860707671,-0.04923865276225702,-0.4322092069989217
2015-04-09 17:44:36.976,117,1428590676.837569,51.73570564487179,39.26768892448327,94.08777,1428590676.951888,52.90678787231445,619801.961547625,0.0140533447265625,0.129913330078125,-1.246536254882812,619801.954395625,0.8587863609245439,0.1543389736016891,-0.33754048814933
2015-04-09 17:44:36.995,118,1428590676.837569,51.73570564487179,39.26768892448327,94.08777,1428590676.990667,52.65503692626953,619801.9810176251,-0.0339813232421875,0.0202789306640625,-1.051071166992188,619801.9760636251,0.3778282564878307,0.1892173291340209,-0.3251874154329975
2015-04-09 17:44:37.015,119,1428590676.837569,51.73570564487179,39.26768892448327,94.08777,1428590676.990667,52.65503692626953,619802.000487625,-0.08056640625,-0.042022705078125,-0.836181640625,619801.9977306251,0.0325912327881717,0.06666318314242746,-0.3700963008950036
2015-04-09 17:44:37.048,120,1428590676.837569,51.73570564487179,39.26768892448327,94.08777,1428590677.030011,52.15769958496094,619802.0199576251,-0.071746826171875,-0.097442626953125,-0.764373779296875,619802.019426625,-0.08381394056253776,0.08679961046062559,-0.3789952536775034
2015-04-09 17:44:37.053,121,1428590676.837569,51.73570564487179,39.26768892448327,94.08777,1428590677.030011,52.15769958496094,619802.039445625,-0.0933990478515625,-0.108673095703125,-0.831268310546875,619802.041096625,-0.1133028569968761,0.04095275966269349,-0.3955313535180234
2015-04-09 17:44:37.073,122,1428590676.837569,51.73570564487179,39.26768892448327,94.08777,1428590677.069666,52.67813491821289,619802.0588996251,-0.0804290771484375,-0.0641326904296875,-0.885711669921875,619802.0627636251,-0.1100671162724299,-0.01679735594345678,-0.3910407312879318
2015-04-09 17:44:37.093,123,1428590676.837569,51.73570564487179,39.26768892448327,94.08777,1428590677.089808,52.75543212890625,619802.078369625,-0.072723388671875,-0.0270233154296875,-0.912261962890625,619802.0627636251,-0.1100671162724299,-0.01679735594345678,-0.3910407312879318
2015-04-09 17:44:37.138,124,1428590676.837569,51.73570564487179,39.26768892448327,94.08777,1428590677.089808,52.75543212890625,619802.0978396251,-0.05126953125,-0.0247802734375,-0.9134674072265625,619802.0844306251,-0.09111925774873411,-0.02496553732283881,-0.2974391410871348
2015-04-09 17:44:37.141,125,1428590676.837569,51.73570564487179,39.26768892448327,94.08777,1428590677.129109,53.29208374023438,619802.117308625,-0.021881103515625,-0.0562896728515625,-0.9184112548828125,619802.106103625,-0.06833405041034317,-0.03320402615499893,-0.2401585407811656
2015-04-09 17:44:37.151,126,1428590676.837569,51.73570564487179,39.26768892448327,94.08777,1428590677.129109,53.29208374023438,619802.136767625,0.0173797607421875,-0.1030426025390625,-0.8984527587890625,619802.127765625,-0.01766288329773253,0.02848676891614158,-0.1589198769927344
2015-04-09 17:44:37.170,127,1428590676.837569,51.73570564487179,39.26768892448327,94.08777,1428590677.129109,53.29208374023438,619802.156250625,0.0163421630859375,-0.1389312744140625,-0.8962249755859375,619802.149463625,0.04294933153192589,-0.06042499460502585,-0.1634805403594951
2015-04-09 17:44:37.221,128,1428590676.837569,51.73570564487179,39.26768892448327,94.08777,1428590677.188942,54.18943023681641,619802.175696625,0.0546875,-0.1725311279296875,-0.870513916015625,619802.1711316251,0.09558138415516187,-0.01338052026488512,-0.1769004754085134
2015-04-09 17:44:37.223,129,1428590676.837569,51.73570564487179,39.26768892448327,94.08777,1428590677.188942,54.18943023681641,619802.195173625,-0.0023651123046875,-0.1795196533203125,-0.88555908203125,619802.1927986251,0.02879170086095565,0.1454429502963884,-0.1161577656854411
2015-04-09 17:44:37.229,130,1428590676.837569,51.73570564487179,39.26768892448327,94.08777,1428590677.188942,54.18943023681641,619802.214622625,-0.0244903564453125,-0.192657470703125,-0.8492889404296875,619802.1927986251,0.02879170086095565,0.1454429502963884,-0.1161577656854411
2015-04-09 17:44:37.249,131,1428590676.837569,51.73570564487179,39.26768892448327,94.08777,1428590677.228367,54.47859191894531,619802.2341056251,-0.0157012939453125,-0.2040863037109375,-0.835540771484375,619802.236133625,-0.1745180114973285,0.3342165967928021,0.04337383940968452
2015-04-09 17:44:37.296,132,1428590676.837569,51.73570564487179,39.26768892448327,94.08777,1428590677.268788,54.08066177368164,619802.2535706251,-0.0050506591796875,-0.2148895263671875,-0.877197265625,619802.2578316251,-0.1983096274116604,0.3148490240813098,0.02104855999155027
2015-04-09 17:44:37.299,133,1428590676.837569,51.73570564487179,39.26768892448327,94.08777,1428590677.268788,54.08066177368164,619802.2730466251,0.0073394775390625,-0.2227020263671875,-0.8851165771484375,619802.2794996251,-0.1792517803349443,0.2559076765195671,0.01243190228459889
2015-04-09 17:44:37.307,134,1428590676.837569,51.73570564487179,39.26768892448327,94.08777,1428590677.268788,54.08066177368164,619802.292511625,0.0035400390625,-0.2210693359375,-0.9300689697265625,619802.2794996251,-0.1792517803349443,0.2559076765195671,0.01243190228459889
2015-04-09 17:44:37.326,135,1428590676.837569,51.73570564487179,39.26768892448327,94.08777,1428590677.307579,54.09651947021484,619802.311951625,0.0019378662109375,-0.231658935546875,-0.998260498046875,619802.301149625,-0.2512287688004069,0.2667182463325258,0.08781187799096471
2015-04-09 17:44:37.377,136,1428590676.837569,51.73570564487179,39.26768892448327,94.08777,1428590677.347088,53.83034896850586,619802.3314346251,0.008026123046875,-0.2492523193359375,-1.022491455078125,619802.322834625,-0.321206522235547,0.21499885901486,0.1846065983387667
2015-04-09 17:44:37.379,137,1428590676.837569,51.73570564487179,39.26768892448327,94.08777,1428590677.367372,53.58433532714844,619802.350891625,0.0446014404296875,-0.2613983154296875,-1.03271484375,619802.344501625,-0.2958273959954189,0.2019128843665376,0.2237028684055659
2015-04-09 17:44:37.385,138,1428590676.837569,51.73570564487179,39.26768892448327,94.08777,1428590677.367372,53.58433532714844,619802.370351625,0.0366058349609375,-0.232330322265625,-1.076980590820312,619802.3661696251,-0.4585164448789424,0.29431844892178,0.2958593539284998
2015-04-09 17:44:37.404,139,1428590676.837569,51.73570564487179,39.26768892448327,94.08777,1428590677.367372,53.58433532714844,619802.389830625,0.00323486328125,-0.2247314453125,-1.117477416992188,619802.387867625,-0.73470489204779,0.3619326468894747,0.1757366740121488
2015-04-09 17:44:37.456,140,1428590676.837569,51.73570564487179,39.26768892448327,94.08777,1428590677.42715,52.59577560424805,619802.409302625,-0.045684814453125,-0.287139892578125,-1.120101928710938,619802.409534625,-0.9339644690202816,0.1784243361842567,0.1507998988290828
2015-04-09 17:44:37.458,141,1428590676.837569,51.73570564487179,39.26768892448327,94.08777,1428590677.42715,52.59577560424805,619802.428772625,-0.0313720703125,-0.1889495849609375,-1.166152954101562,619802.431202625,-0.6027868053473689,0.275632379133239,0.1795519185897963
2015-04-09 17:44:37.462,142,1428590676.837569,51.73570564487179,39.26768892448327,94.08777,1428590677.42715,52.59577560424805,619802.448211625,0.13092041015625,-0.1259002685546875,-1.206939697265625,619802.4528696251,0.06994446392151409,0.193154280173485,0.1855349762947683
2015-04-09 17:44:37.482,143,1428590676.837569,51.73570564487179,39.26768892448327,94.08777,1428590677.465979,52.76916885375977,619802.467681625,0.186370849609375,-0.1045379638671875,-1.286178588867188,619802.4745376251,0.7217819028581804,0.1286980586264062,0.2022423173933804
2015-04-09 17:44:37.502,144,1428590676.837569,51.73570564487179,39.26768892448327,94.08777,1428590677.465979,52.76916885375977,619802.487151625,0.175750732421875,-0.0635223388671875,-1.342117309570312,619802.4745376251,0.7217819028581804,0.1286980586264062,0.2022423173933804
2015-04-09 17:44:37.543,145,1428590676.837569,51.73570564487179,39.26768892448327,94.08777,1428590677.505673,52.66958999633789,619802.506621625,0.13751220703125,0.0293426513671875,-1.25372314453125,619802.496203625,1.156937364971057,0.1891100037420907,0.3402345419080541
2015-04-09 17:44:37.545,146,1428590676.837569,51.73570564487179,39.26768892448327,94.08777,1428590677.505673,52.66958999633789,619802.526091625,0.1019287109375,0.0447235107421875,-1.1048583984375,619802.517902625,1.021129731498575,0.4320116004460378,0.4065887983640324
2015-04-09 17:44:37.560,147,1428590676.837569,51.73570564487179,39.26768892448327,94.08777,1428590677.545795,51.64470672607422,619802.5455636251,0.016815185546875,-0.018646240234375,-0.899383544921875,619802.539577625,0.3557746195008845,0.2773040453494818,0.3493204485990775
2015-04-09 17:44:37.582,148,1428590676.837569,51.73570564487179,39.26768892448327,94.08777,1428590677.545795,51.64470672607422,619802.565006625,-0.010650634765625,-0.0549163818359375,-0.74432373046875,619802.5612376251,-0.1311015615102027,0.08812000572908688,0.2739007917924695
2015-04-09 17:44:37.619,149,1428590676.837569,51.73570564487179,39.26768892448327,94.08777,1428590677.586847,50.726318359375,619802.5844726251,0.0324249267578125,-0.099029541015625,-0.724029541015625,619802.5612376251,-0.1311015615102027,0.08812000572908688,0.2739007917924695
2015-04-09 17:44:37.622,150,1428590676.837569,51.73570564487179,39.26768892448327,94.08777,1428590677.586847,50.726318359375,619802.603942625,0.0860443115234375,-0.0946502685546875,-0.7912139892578125,619802.604572625,-0.3664978376300886,-0.1046507792474267,0.456921477702094
2015-04-09 17:44:37.637,151,1428590676.837569,51.73570564487179,39.26768892448327,94.08777,1428590677.624649,50.66138458251953,619802.623412625,0.193115234375,-0.06829833984375,-0.86065673828125,619802.626240625,-0.2000678463633307,-0.07528356927490494,0.4790560747861786
2015-04-09 17:44:37.657,152,1428590676.837569,51.73570564487179,39.26768892448327,94.08777,1428590677.624649,50.66138458251953,619802.642883625,0.2186279296875,-0.0385894775390625,-0.933807373046875,619802.6479386251,-0.1051043155810672,-0.1123608969193151,0.4717456975939111
2015-04-09 17:44:37.698,153,1428590676.837569,51.73570564487179,39.26768892448327,94.08777,1428590677.667361,50.13200378417969,619802.6623536251,0.1662750244140625,-0.0289154052734375,-0.9575958251953125,619802.6696056251,-0.118406006277686,-0.08128393752696247,0.3905182190820582
2015-04-09 17:44:37.701,154,1428590676.837569,51.73570564487179,39.26768892448327,94.08777,1428590677.667361,50.13200378417969,619802.681824625,0.11688232421875,-0.0469512939453125,-0.9404449462890625,619802.6696056251,-0.118406006277686,-0.08128393752696247,0.3905182190820582
2015-04-09 17:44:37.715,155,1428590676.837569,51.73570564487179,39.26768892448327,94.08777,1428590677.703745,49.63407516479492,619802.7012936251,0.0411529541015625,-0.0764312744140625,-0.877838134765625,619802.691273625,-0.1916940689477946,-0.004617921330197399,0.3147667324036264
2015-04-09 17:44:37.735,156,1428590676.837569,51.73570564487179,39.26768892448327,94.08777,1428590677.703745,49.63407516479492,619802.720732625,-0.026153564453125,-0.1147613525390625,-0.8350677490234375,619802.712940625,-0.2227920673127588,0.07102304416299618,0.2699635744368963
2015-04-09 17:44:37.776,157,1428590676.837569,51.73570564487179,39.26768892448327,94.08777,1428590677.743527,49.61291885375977,619802.7402036251,-0.0388641357421875,-0.1489410400390625,-0.82562255859375,619802.7346076251,-0.2545859496705608,0.1081680160990944,0.2333656157887004
2015-04-09 17:44:37.777,158,1428590676.837569,51.73570564487179,39.26768892448327,94.08777,1428590677.743527,49.61291885375977,619802.7596656251,-0.0109405517578125,-0.2003021240234375,-0.841827392578125,619802.7563056251,-0.2569867893932672,0.0310956015199832,0.2145940585291679
2015-04-09 17:44:37.793,159,1428590676.837569,51.73570564487179,39.26768892448327,94.08777,1428590677.783271,49.79123687744141,619802.7791436251,0.027191162109375,-0.2319488525390625,-0.8954010009765625,619802.7563056251,-0.2569867893932672,0.0310956015199832,0.2145940585291679
2015-04-09 17:44:37.813,160,1428590676.837569,51.73570564487179,39.26768892448327,94.08777,1428590677.805694,49.6981315612793,619802.798613625,0.0699005126953125,-0.2347259521484375,-0.9500274658203125,619802.7779506251,-0.2518998853951069,0.09371131243770824,0.223602999864688
2015-04-09 17:44:37.857,161,1428590677.835519,51.73567936760535,39.26756294447861,92.39014,1428590677.805694,49.6981315612793,619802.8180716251,0.0886383056640625,-0.218414306640625,-0.954559326171875,619802.821308625,-0.005090632423686464,0.07833928030966186,0.05625821276348787
2015-04-09 17:44:37.859,162,1428590677.835519,51.73567936760535,39.26756294447861,92.39014,1428590677.846594,49.44119262695312,619802.837524625,0.0788116455078125,-0.210479736328125,-1.020339965820312,619802.8429756251,0.09723334297933803,0.05320942594756516,0.0006391586616190172
2015-04-09 17:44:37.872,163,1428590677.835519,51.73567936760535,39.26756294447861,92.39014,1428590677.846594,49.44119262695312,619802.856989625,0.0507354736328125,-0.205780029296875,-1.051788330078125,619802.864643625,0.1675309420613966,-0.01772839706054848,-0.05093961375049063
2015-04-09 17:44:37.891,164,1428590677.835519,51.73567936760535,39.26756294447861,92.39014,1428590677.882101,49.63937759399414,619802.876465625,0.0565948486328125,-0.2244873046875,-1.052230834960938,619802.864643625,0.1675309420613966,-0.01772839706054848,-0.05093961375049063
2015-04-09 17:44:37.933,165,1428590677.835519,51.73567936760535,39.26756294447861,92.39014,1428590677.882101,49.63937759399414,619802.8959356251,0.041961669921875,-0.2601470947265625,-1.067779541015625,619802.886341625,0.1686976729349603,-0.01052827473741025,-0.06178453834151131
2015-04-09 17:44:37.935,166,1428590677.835519,51.73567936760535,39.26756294447861,92.39014,1428590677.921464,49.76674270629883,619802.915404625,0.0211029052734375,-0.2694244384765625,-1.066940307617188,619802.908008625,0.1383139343743553,-0.0177358539116007,-0.01985466487486775
2015-04-09 17:44:37.949,167,1428590677.835519,51.73567936760535,39.26756294447861,92.39014,1428590677.921464,49.76674270629883,619802.9348746251,0.0107269287109375,-0.2309417724609375,-1.072341918945312,619802.9296766251,-0.2586288945214101,0.05233111542005703,0.02312502669348505
2015-04-09 17:44:37.969,168,1428590677.835519,51.73567936760535,39.26756294447861,92.39014,1428590677.960611,49.16897583007812,619802.954346625,-0.0135955810546875,-0.201873779296875,-1.080780029296875,619802.9513436251,-0.8189665099895701,0.04206968942387272,-0.1467265939418066
2015-04-09 17:44:38.021,169,1428590677.835519,51.73567936760535,39.26756294447861,92.39014,1428590678.002012,49.08014297485352,619802.9738156251,-0.0259857177734375,-0.2509613037109375,-1.046554565429688,619802.973013625,-0.9485138506876025,-0.008968194970841835,-0.2157474735972812
2015-04-09 17:44:38.024,170,1428590677.835519,51.73567936760535,39.26756294447861,92.39014,1428590678.002012,49.08014297485352,619802.993285625,0.039215087890625,-0.1367034912109375,-1.080902099609375,619802.994678625,-0.6564425770936314,0.1624845181118055,-0.3095378819193648
2015-04-09 17:44:38.027,171,1428590677.835519,51.73567936760535,39.26756294447861,92.39014,1428590678.002012,49.08014297485352,619803.0127256251,0.031982421875,-0.1028289794921875,-1.188140869140625,619803.016376625,-0.1128256185295339,0.01204787445540947,-0.4054297906576299
2015-04-09 17:44:38.046,172,1428590677.835519,51.73567936760535,39.26756294447861,92.39014,1428590678.039998,49.53966903686523,619803.032195625,0.007904052734375,-0.023468017578125,-1.242889404296875,619803.0380446251,0.6423523243982402,0.05990274871526131,-0.3366419375975372
2015-04-09 17:44:38.095,173,1428590677.835519,51.73567936760535,39.26756294447861,92.39014,1428590678.07947,49.74673843383789,619803.0516666251,0.015106201171875,0.1049652099609375,-1.278167724609375,619803.0380446251,0.6423523243982402,0.05990274871526131,-0.3366419375975372
2015-04-09 17:44:38.100,174,1428590677.835519,51.73567936760535,39.26756294447861,92.39014,1428590678.07947,49.74673843383789,619803.071135625,-0.009796142578125,0.089324951171875,-1.263687133789062,619803.059697625,0.7988295500391539,0.2458606349911342,-0.2420046440488085
2015-04-09 17:44:38.105,175,1428590677.835519,51.73567936760535,39.26756294447861,92.39014,1428590678.07947,49.74673843383789,619803.0906076251,-0.0405426025390625,0.0237579345703125,-1.061264038085938,619803.081379625,0.4851142336338908,0.2667115884298006,-0.2393401513781842
2015-04-09 17:44:38.124,176,1428590677.835519,51.73567936760535,39.26756294447861,92.39014,1428590678.10062,49.59711456298828,619803.110076625,-0.0762176513671875,-0.0228424072265625,-0.8636474609375,619803.103046625,0.1665844546099825,0.175307905076646,-0.3794205605035891
2015-04-09 17:44:38.169,177,1428590677.835519,51.73567936760535,39.26756294447861,92.39014,1428590678.139123,50.01426696777344,619803.1295476251,-0.1202392578125,-0.07012939453125,-0.79541015625,619803.1247146251,-0.1350928410359045,0.06483439042187004,-0.4551113271091671
2015-04-09 17:44:38.171,178,1428590677.835519,51.73567936760535,39.26756294447861,92.39014,1428590678.139123,50.01426696777344,619803.148987625,-0.1546478271484375,-0.088714599609375,-0.8074798583984375,619803.1464126251,-0.3255714432621868,-0.06564718718656223,-0.4577121702297385
2015-04-09 17:44:38.182,179,1428590677.835519,51.73567936760535,39.26756294447861,92.39014,1428590678.178364,50.66387557983398,619803.1684566251,-0.1049346923828125,-0.070068359375,-0.8323211669921875,619803.168079625,-0.3574998152550378,-0.1318371266032826,-0.4186486570443472
2015-04-09 17:44:38.202,180,1428590677.835519,51.73567936760535,39.26756294447861,92.39014,1428590678.178364,50.66387557983398,619803.187937625,-0.0561981201171875,-0.0385894775390625,-0.8727264404296875,619803.189747625,-0.2667510032139337,-0.08326319884910936,-0.3296191818029983
2015-04-09 17:44:38.247,181,1428590677.835519,51.73567936760535,39.26756294447861,92.39014,1428590678.238461,50.94379043579102,619803.2073966251,-0.0206756591796875,-0.0224761962890625,-0.90386962890625,619803.2114146251,-0.1330906765283829,-0.003211772274635561,-0.2069750209665602
2015-04-09 17:44:38.249,182,1428590677.835519,51.73567936760535,39.26756294447861,92.39014,1428590678.238461,50.94379043579102,619803.226867625,0.0230255126953125,-0.0257110595703125,-0.9216156005859375,619803.2114146251,-0.1330906765283829,-0.003211772274635561,-0.2069750209665602
2015-04-09 17:44:38.261,183,1428590677.835519,51.73567936760535,39.26756294447861,92.39014,1428590678.238461,50.94379043579102,619803.2463386251,0.062774658203125,-0.0491943359375,-0.92327880859375,619803.2330816251,-0.07450459465605677,0.02114762958410122,-0.1452826279987657
2015-04-09 17:44:38.280,184,1428590677.835519,51.73567936760535,39.26756294447861,92.39014,1428590678.27767,51.29390335083008,619803.265808625,0.0747528076171875,-0.0906829833984375,-0.908447265625,619803.2547576251,-0.07693259862188201,0.09700644165446327,-0.1253802925403855
2015-04-09 17:44:38.301,185,1428590677.835519,51.73567936760535,39.26756294447861,92.39014,1428590678.297801,51.65199279785156,619803.2852766251,0.02935791015625,-0.1238555908203125,-0.86309814453125,619803.276447625,-0.1155678755039885,0.161964669067022,-0.09397816117893418
2015-04-09 17:44:38.328,186,1428590677.835519,51.73567936760535,39.26756294447861,92.39014,1428590678.297801,51.65199279785156,619803.304717625,0.0118408203125,-0.146484375,-0.83782958984375,619803.298115625,-0.1558223543288632,0.1919036597255838,-0.1137787638836733
2015-04-09 17:44:38.338,187,1428590677.835519,51.73567936760535,39.26756294447861,92.39014,1428590678.297801,51.65199279785156,619803.3242026251,0.006622314453125,-0.172760009765625,-0.837799072265625,619803.3197826251,-0.1933252551154681,0.1930000831463694,-0.1179777699744013
2015-04-09 17:44:38.358,188,1428590677.835519,51.73567936760535,39.26756294447861,92.39014,1428590678.337403,52.17178726196289,619803.3436656251,-0.004547119140625,-0.183929443359375,-0.8669281005859375,619803.341450625,-0.1704771971753513,0.1667865885367195,-0.0256574265740414
2015-04-09 17:44:38.378,189,1428590677.835519,51.73567936760535,39.26756294447861,92.39014,1428590678.337403,52.17178726196289,619803.363135625,0.01837158203125,-0.2075653076171875,-0.893798828125,619803.363117625,-0.09348893848668662,0.1695552108059659,0.04707483437656764
2015-04-09 17:44:38.411,190,1428590677.835519,51.73567936760535,39.26756294447861,92.39014,1428590678.396833,52.08652496337891,619803.3825906251,0.0463409423828125,-0.23333740234375,-0.9337158203125,619803.384815625,-0.07853608791421872,0.1854524183009758,0.143211487619011
2015-04-09 17:44:38.416,191,1428590677.835519,51.73567936760535,39.26756294447861,92.39014,1428590678.396833,52.08652496337891,619803.4020686251,0.0364837646484375,-0.25054931640625,-0.970611572265625,619803.4064826251,-0.1388148749753992,0.2072194991546295,0.2612883271859632
2015-04-09 17:44:38.436,192,1428590677.835519,51.73567936760535,39.26756294447861,92.39014,1428590678.417197,52.08108520507812,619803.421536625,0.0284423828125,-0.26312255859375,-0.990081787109375,619803.4281506251,-0.2316318979190588,0.2276542005149165,0.3594601681334452
2015-04-09 17:44:38.455,193,1428590677.835519,51.73567936760535,39.26756294447861,92.39014,1428590678.437965,51.49311447143555,619803.4410096251,0.0419158935546875,-0.279815673828125,-1.00665283203125,619803.4281506251,-0.2316318979190588,0.2276542005149165,0.3594601681334452
2015-04-09 17:44:38.490,194,1428590677.835519,51.73567936760535,39.26756294447861,92.39014,1428590678.475631,50.42925643920898,619803.460448625,0.046966552734375,-0.2691802978515625,-1.027053833007812,619803.4498106251,-0.3177385538640458,0.2023752091317754,0.4586227050064366
2015-04-09 17:44:38.494,195,1428590677.835519,51.73567936760535,39.26756294447861,92.39014,1428590678.475631,50.42925643920898,619803.4799186251,0.0697479248046875,-0.224853515625,-1.065582275390625,619803.471485625,-0.4885710167288136,0.3166426630754782,0.6302455940827399
2015-04-09 17:44:38.514,196,1428590677.835519,51.73567936760535,39.26756294447861,92.39014,1428590678.495794,49.97208404541016,619803.499388625,0.0650177001953125,-0.2044525146484375,-1.12725830078125,619803.493152625,-0.899859495468509,0.4887947222603803,0.5936974365469285
2015-04-09 17:44:38.533,197,1428590677.835519,51.73567936760535,39.26756294447861,92.39014,1428590678.495794,49.97208404541016,619803.5188706251,0.01263427734375,-0.25164794921875,-1.165847778320312,619803.5148506251,-1.08553055929498,0.268843715198518,0.400154068538183
2015-04-09 17:44:38.570,198,1428590677.835519,51.73567936760535,39.26756294447861,92.39014,1428590678.535193,49.45708465576172,619803.538330625,0.0932769775390625,-0.12384033203125,-1.208236694335938,619803.536506625,-0.5385489630096767,0.2434462131468684,0.2433548667214787
2015-04-09 17:44:38.573,199,1428590677.835519,51.73567936760535,39.26756294447861,92.39014,1428590678.535193,49.45708465576172,619803.5577996251,0.136199951171875,-0.0274658203125,-1.3399658203125,619803.558185625,0.3324032504065672,0.2517912284226316,0.2687521024570193
2015-04-09 17:44:38.592,200,1428590677.835519,51.73567936760535,39.26756294447861,92.39014,1428590678.575048,49.49562835693359,619803.577240625,0.164215087890625,0.031982421875,-1.4234619140625,619803.579853625,1.045985013952285,0.2609509046758502,0.3038941109372689
2015-04-09 17:44:38.611,201,1428590677.835519,51.73567936760535,39.26756294447861,92.39014,1428590678.575048,49.49562835693359,619803.596710625,0.2121429443359375,0.056488037109375,-1.410507202148438,619803.6015206251,1.233401779873303,0.4531744100483525,0.4742277637298649
2015-04-09 17:44:38.648,202,1428590677.835519,51.73567936760535,39.26756294447861,92.39014,1428590678.614518,48.94559860229492,619803.616188625,0.1344757080078125,0.103485107421875,-1.232757568359375,619803.6231886251,0.8080363642436669,0.5856264605473344,0.4614373999625414
2015-04-09 17:44:38.652,203,1428590677.835519,51.73567936760535,39.26756294447861,92.39014,1428590678.614518,48.94559860229492,619803.6356496251,0.044830322265625,0.03704833984375,-0.970489501953125,619803.6231886251,0.8080363642436669,0.5856264605473344,0.4614373999625414
2015-04-09 17:44:38.669,204,1428590677.835519,51.73567936760535,39.26756294447861,92.39014,1428590678.654026,48.06768417358398,619803.655120625,-0.04913330078125,0.00274658203125,-0.7646636962890625,619803.644870625,0.03013180352148353,0.3763126515114666,0.3341681272609627
2015-04-09 17:44:38.689,205,1428590677.835519,51.73567936760535,39.26756294447861,92.39014,1428590678.654026,48.06768417358398,619803.674590625,-0.0752410888671875,-0.0343017578125,-0.6855010986328125,619803.666549625,-0.4658356105028072,0.07391656868736728,0.232343760878437
2015-04-09 17:44:38.728,206,1428590677.835519,51.73567936760535,39.26756294447861,92.39014,1428590678.694253,47.68359375,619803.6940316251,0.0032196044921875,-0.08966064453125,-0.7410430908203125,619803.6882216251,-0.4785359594252861,-0.1235520324520461,0.205287642099886
2015-04-09 17:44:38.730,207,1428590677.835519,51.73567936760535,39.26756294447861,92.39014,1428590678.694253,47.68359375,619803.713500625,0.0949859619140625,-0.0717010498046875,-0.8836212158203125,619803.7098886251,-0.3811518815282496,-0.2652066360977968,0.2530540994115472
2015-04-09 17:44:38.749,208,1428590677.835519,51.73567936760535,39.26756294447861,92.39014,1428590678.733333,47.72615432739258,619803.7329716251,0.1337738037109375,-0.014801025390625,-1.011062622070312,619803.7098886251,-0.3811518815282496,-0.2652066360977968,0.2530540994115472
2015-04-09 17:44:38.766,209,1428590677.835519,51.73567936760535,39.26756294447861,92.39014,1428590678.733333,47.72615432739258,619803.752441625,0.1468048095703125,0.0280303955078125,-1.022293090820312,619803.753223625,-0.08887341400147029,-0.3245413325525442,0.2885958483714177
2015-04-09 17:44:38.809,210,1428590677.835519,51.73567936760535,39.26756294447861,92.39014,1428590678.793073,47.91255950927734,619803.771910625,0.1170654296875,0.0244293212890625,-0.9845733642578125,619803.774921625,-0.02831792450303056,-0.322011862149187,0.2725556291258704
2015-04-09 17:44:38.812,211,1428590677.835519,51.73567936760535,39.26756294447861,92.39014,1428590678.793073,47.91255950927734,619803.791382625,0.051727294921875,-0.0183868408203125,-0.9264068603515625,619803.7965896251,-0.02049568774924982,-0.1764687769958116,0.2264126348147215
2015-04-09 17:44:38.826,212,1428590677.835519,51.73567936760535,39.26756294447861,92.39014,1428590678.813721,48.07064056396484,619803.810827625,0.009796142578125,-0.07830810546875,-0.871246337890625,619803.8182566251,-0.02576262143709953,-0.02147146997265485,0.1170816162675896
2015-04-09 17:44:38.845,213,1428590678.835832,51.73566327435126,39.26771574657342,92.95758,1428590678.813721,48.07064056396484,619803.830291625,-0.0209197998046875,-0.13629150390625,-0.802215576171875,619803.8182566251,-0.02576262143709953,-0.02147146997265485,0.1170816162675896
2015-04-09 17:44:38.885,214,1428590678.835832,51.73566327435126,39.26771574657342,92.95758,1428590678.850485,48.61725997924805,619803.8497616251,-0.047332763671875,-0.167877197265625,-0.789093017578125,619803.839924625,-0.06423065180274909,0.08530770761796319,0.01175599199993678
2015-04-09 17:44:38.886,215,1428590678.835832,51.73566327435126,39.26771574657342,92.95758,1428590678.850485,48.61725997924805,619803.869231625,-0.0529022216796875,-0.1932373046875,-0.806304931640625,619803.861591625,-0.1647311608073963,0.1377293705150829,-0.1106596696149725
2015-04-09 17:44:38.903,216,1428590678.835832,51.73566327435126,39.26771574657342,92.95758,1428590678.890017,48.32908630371094,619803.8887016251,-0.0272979736328125,-0.1913299560546875,-0.8254852294921875,619803.8832596251,-0.163375345496437,0.150840378877652,-0.16996480498162
2015-04-09 17:44:38.923,217,1428590678.835832,51.73566327435126,39.26771574657342,92.95758,1428590678.890017,48.32908630371094,619803.9081676251,0.003631591796875,-0.1685333251953125,-0.8604583740234375,619803.9049566251,-0.1345634046111967,0.09668260126590963,-0.2038647151294567
2015-04-09 17:44:38.957,218,1428590678.835832,51.73566327435126,39.26771574657342,92.95758,1428590678.929623,48.72768783569336,619803.9276426251,0.03033447265625,-0.1684722900390625,-0.9222869873046875,619803.9049566251,-0.1345634046111967,0.09668260126590963,-0.2038647151294567
2015-04-09 17:44:38.961,219,1428590678.835832,51.73566327435126,39.26771574657342,92.95758,1428590678.929623,48.72768783569336,619803.947113625,0.05816650390625,-0.175689697265625,-0.96240234375,619803.948292625,-0.06938919483423257,0.01028379654934098,-0.165896560100415
2015-04-09 17:44:38.981,220,1428590678.835832,51.73566327435126,39.26771574657342,92.95758,1428590678.969266,48.92504501342773,619803.9665826251,0.0639801025390625,-0.19366455078125,-1.002761840820312,619803.969959625,-0.1242902607062161,-0.04520209949802392,-0.1574213162473468
2015-04-09 17:44:39.000,221,1428590678.835832,51.73566327435126,39.26771574657342,92.95758,1428590678.969266,48.92504501342773,619803.9860496251,0.064849853515625,-0.220947265625,-1.020782470703125,619803.991622625,-0.1961604564119664,-0.08636018888076251,-0.1806302325151694
2015-04-09 17:44:39.020,222,1428590678.835832,51.73566327435126,39.26771574657342,92.95758,1428590679.009176,49.098388671875,619804.005519625,0.035614013671875,-0.2303619384765625,-1.041839599609375,619803.991622625,-0.1961604564119664,-0.08636018888076251,-0.1806302325151694
2015-04-09 17:44:39.038,223,1428590678.835832,51.73566327435126,39.26771574657342,92.95758,1428590679.009176,49.098388671875,619804.0249596251,0.02044677734375,-0.2501373291015625,-1.0550537109375,619804.013297625,-0.1663282585131168,-0.1129172312710327,-0.2519105380394672
2015-04-09 17:44:39.059,224,1428590678.835832,51.73566327435126,39.26771574657342,92.95758,1428590679.048575,49.66393280029297,619804.0444336251,-4.57763671875e-05,-0.21502685546875,-1.09942626953125,619804.0349876251,-0.2377603642195492,-0.1238572307129692,-0.2166928957842593
2015-04-09 17:44:39.078,225,1428590678.835832,51.73566327435126,39.26771574657342,92.95758,1428590679.069606,49.43373870849609,619804.063903625,-0.015167236328125,-0.180084228515625,-1.147659301757812,619804.056659625,-0.5885146587495254,0.03766854940640777,-0.2317834317850843
2015-04-09 17:44:39.098,226,1428590678.835832,51.73566327435126,39.26771574657342,92.95758,1428590679.069606,49.43373870849609,619804.0833746251,-0.050628662109375,-0.2706451416015625,-1.143829345703125,619804.0783276251,-0.9575259878164307,-0.01882402153300708,-0.3081133570522814
2015-04-09 17:44:39.123,227,1428590678.835832,51.73566327435126,39.26771574657342,92.95758,1428590679.108443,49.29742050170898,619804.102844625,0.0139617919921875,-0.16015625,-1.159591674804688,619804.0999946251,-0.7647999439462304,0.03826163538116842,-0.2999350556607571
2015-04-09 17:44:39.137,228,1428590678.835832,51.73566327435126,39.26771574657342,92.95758,1428590679.108443,49.29742050170898,619804.1223146251,0.0792388916015625,-0.0604705810546875,-1.22711181640625,619804.1216706251,-0.3285254215433028,0.07909561805924437,-0.3087919304980336
2015-04-09 17:44:39.156,229,1428590678.835832,51.73566327435126,39.26771574657342,92.95758,1428590679.1477,49.68209457397461,619804.141784625,0.0394134521484375,0.0134429931640625,-1.318756103515625,619804.143360625,0.3748673539878806,0.05444912743499705,-0.3104225840334892
2015-04-09 17:44:39.175,230,1428590678.835832,51.73566327435126,39.26771574657342,92.95758,1428590679.1477,49.68209457397461,619804.1612546251,0.04278564453125,0.136505126953125,-1.306320190429688,619804.165027625,0.8532001142219936,0.1809412897304906,-0.2743804271047928
2015-04-09 17:44:39.202,231,1428590678.835832,51.73566327435126,39.26771574657342,92.95758,1428590679.187164,50.4569091796875,619804.180724625,0.0384063720703125,0.185760498046875,-1.252365112304688,619804.1866956251,0.685298992769076,0.2442875057352244,-0.2752661944833531
2015-04-09 17:44:39.215,232,1428590678.835832,51.73566327435126,39.26771574657342,92.95758,1428590679.187164,50.4569091796875,619804.2001656251,-0.0328521728515625,0.103424072265625,-1.116867065429688,619804.1866956251,0.685298992769076,0.2442875057352244,-0.2752661944833531
2015-04-09 17:44:39.234,233,1428590678.835832,51.73566327435126,39.26771574657342,92.95758,1428590679.227057,50.16352081298828,619804.219634625,-0.0781402587890625,0.0278167724609375,-0.9101409912109375,619804.208371625,0.11228979051821,0.1715163626327002,-0.3972477608405795
2015-04-09 17:44:39.253,234,1428590678.835832,51.73566327435126,39.26771574657342,92.95758,1428590679.227057,50.16352081298828,619804.239113625,-0.102691650390625,-0.005126953125,-0.77374267578125,619804.230030625,-0.3750396605104087,0.05909687616940334,-0.5897551591852842
2015-04-09 17:44:39.280,235,1428590678.835832,51.73566327435126,39.26771574657342,92.95758,1428590679.266453,50.82191848754883,619804.258574625,-0.138092041015625,-0.01507568359375,-0.7752838134765625,619804.251697625,-0.4914517580799524,-0.04496348026435282,-0.7050319511821271
2015-04-09 17:44:39.292,236,1428590678.835832,51.73566327435126,39.26771574657342,92.95758,1428590679.266453,50.82191848754883,619804.2780466251,-0.148773193359375,0.011993408203125,-0.8661956787109375,619804.2733956251,-0.3154469037460326,-0.09976973760152949,-0.6615209589763035
2015-04-09 17:44:39.312,237,1428590678.835832,51.73566327435126,39.26771574657342,92.95758,1428590679.306086,52.11698150634766,619804.297516625,-0.1027984619140625,0.0345306396484375,-0.949798583984375,619804.2950636251,-0.1143002108251108,-0.1048726205662303,-0.4851006515123314
2015-04-09 17:44:39.331,238,1428590678.835832,51.73566327435126,39.26771574657342,92.95758,1428590679.326233,52.44972229003906,619804.3169856251,-0.03936767578125,0.0300750732421875,-0.9951324462890625,619804.316730625,-0.01783465718804264,-0.0006370281327469538,-0.2670522067332217
2015-04-09 17:44:39.367,239,1428590678.835832,51.73566327435126,39.26771574657342,92.95758,1428590679.326233,52.44972229003906,619804.336459625,0.0236053466796875,0.0050811767578125,-0.96783447265625,619804.338398625,-0.02329866479655822,0.05989502554810008,-0.09936440448361944
2015-04-09 17:44:39.370,240,1428590678.835832,51.73566327435126,39.26771574657342,92.95758,1428590679.366794,52.87913131713867,619804.3559256251,0.0789794921875,-0.030120849609375,-0.906280517578125,619804.360065625,0.01577470208486635,0.1337969468494719,0.07515680280701717
2015-04-09 17:44:39.389,241,1428590678.835832,51.73566327435126,39.26771574657342,92.95758,1428590679.366794,52.87913131713867,619804.375411625,0.08209228515625,-0.0819854736328125,-0.8722381591796875,619804.3817336251,0.02282835054805022,0.2640782547439303,0.2035118462850212
2015-04-09 17:44:39.409,242,1428590678.835832,51.73566327435126,39.26771574657342,92.95758,1428590679.405149,53.38576507568359,619804.3948676251,0.0728302001953125,-0.117584228515625,-0.8450164794921875,619804.3817336251,0.02282835054805022,0.2640782547439303,0.2035118462850212
2015-04-09 17:44:39.447,243,1428590678.835832,51.73566327435126,39.26771574657342,92.95758,1428590679.444793,53.43927001953125,619804.414336625,0.075408935546875,-0.1300201416015625,-0.8414306640625,619804.4034096251,-0.03988722891055278,0.315763553599643,0.2477935573103137
2015-04-09 17:44:39.450,244,1428590678.835832,51.73566327435126,39.26771574657342,92.95758,1428590679.444793,53.43927001953125,619804.433810625,0.0435791015625,-0.1297149658203125,-0.8436431884765625,619804.425098625,-0.1538454898516974,0.3071745927680285,0.3078478398916005
2015-04-09 17:44:39.468,245,1428590678.835832,51.73566327435126,39.26771574657342,92.95758,1428590679.464915,53.3404426574707,619804.453276625,0.010223388671875,-0.1288299560546875,-0.8635711669921875,619804.446766625,-0.2295061627369576,0.2421343399938953,0.3741464362807961
2015-04-09 17:44:39.487,246,1428590678.835832,51.73566327435126,39.26771574657342,92.95758,1428590679.464915,53.3404426574707,619804.4727476251,0.0271453857421875,-0.1299285888671875,-0.8840179443359375,619804.4684336251,-0.1762535935797332,0.2386778232150815,0.3809928908111718
2015-04-09 17:44:39.538,247,1428590678.835832,51.73566327435126,39.26771574657342,92.95758,1428590679.504584,53.37908554077148,619804.492217625,0.0233154296875,-0.1329803466796875,-0.9289398193359375,619804.4901016251,-0.1344984234805988,0.2086301755840445,0.3498853050662833
2015-04-09 17:44:39.542,248,1428590678.835832,51.73566327435126,39.26771574657342,92.95758,1428590679.504584,53.37908554077148,619804.5116886251,-0.0092010498046875,-0.1397857666015625,-0.9873504638671875,619804.511768625,-0.295057209808168,0.1010919970827538,0.3466881801776432
2015-04-09 17:44:39.546,249,1428590678.835832,51.73566327435126,39.26771574657342,92.95758,1428590679.543934,52.88304138183594,619804.531128625,-0.018524169921875,-0.14459228515625,-1.0325927734375,619804.533466625,-0.4297247440179868,0.05134601213283672,0.3236784683593585
2015-04-09 17:44:39.565,250,1428590678.835832,51.73566327435126,39.26771574657342,92.95758,1428590679.543934,52.88304138183594,619804.550621625,-0.013580322265625,-0.15606689453125,-1.038101196289062,619804.5551346251,-0.4509480073770463,0.01756700949848968,0.3122037061705341
2015-04-09 17:44:39.609,251,1428590678.835832,51.73566327435126,39.26771574657342,92.95758,1428590679.583817,52.33684539794922,619804.5700886251,-0.024169921875,-0.1667938232421875,-1.067153930664062,619804.5768016251,-0.2483229937350215,0.05065918288770529,0.3434021057085944
2015-04-09 17:44:39.611,252,1428590678.835832,51.73566327435126,39.26771574657342,92.95758,1428590679.583817,52.33684539794922,619804.5895496251,-0.0171661376953125,-0.175994873046875,-1.11663818359375,619804.5768016251,-0.2483229937350215,0.05065918288770529,0.3434021057085944
2015-04-09 17:44:39.623,253,1428590678.835832,51.73566327435126,39.26771574657342,92.95758,1428590679.583817,52.33684539794922,619804.609009625,0.0034637451171875,-0.1435394287109375,-1.16021728515625,619804.598476625,-0.06734894712312287,0.1982707452597452,0.4842191451915152
2015-04-09 17:44:39.643,254,1428590678.835832,51.73566327435126,39.26771574657342,92.95758,1428590679.624918,51.97809219360352,619804.6284786251,0.018341064453125,-0.13482666015625,-1.200393676757812,619804.620136625,-0.2981864240890111,0.2710333662467811,0.461830748855546
2015-04-09 17:44:39.667,255,1428590678.835832,51.73566327435126,39.26771574657342,92.95758,1428590679.66324,51.6252555847168,619804.647949625,-0.0122222900390625,-0.243988037109375,-1.1768798828125,619804.641834625,-0.5355286720174178,0.2436901587027196,0.3501132716555941
2015-04-09 17:44:39.709,256,1428590678.835832,51.73566327435126,39.26771574657342,92.95758,1428590679.703455,51.36524200439453,619804.6674186251,0.0167694091796875,-0.12884521484375,-1.126007080078125,619804.6635026251,-0.3475023085228804,0.2404046168658889,0.2753343714072591
2015-04-09 17:44:39.711,257,1428590678.835832,51.73566327435126,39.26771574657342,92.95758,1428590679.703455,51.36524200439453,619804.686888625,0.0680389404296875,-0.034393310546875,-1.146469116210938,619804.6635026251,-0.3475023085228804,0.2404046168658889,0.2753343714072591
2015-04-09 17:44:39.721,258,1428590678.835832,51.73566327435126,39.26771574657342,92.95758,1428590679.703455,51.36524200439453,619804.706360625,0.05291748046875,0.012603759765625,-1.215789794921875,619804.706836625,0.5226152702077326,0.2349696377132552,0.0568840556196565
2015-04-09 17:44:39.745,259,1428590678.835832,51.73566327435126,39.26771574657342,92.95758,1428590679.74219,50.76569747924805,619804.725829625,0.0568695068359375,0.0772705078125,-1.211837768554688,619804.728504625,0.9766027433368862,0.286789426204017,0.09687860992213947
2015-04-09 17:44:39.775,260,1428590678.835832,51.73566327435126,39.26771574657342,92.95758,1428590679.762258,50.58176803588867,619804.7452996251,0.054412841796875,0.14263916015625,-1.182540893554688,619804.7501716251,0.8713479591542296,0.2829195868240229,0.1037429076318187
2015-04-09 17:44:39.779,261,1428590678.835832,51.73566327435126,39.26771574657342,92.95758,1428590679.762258,50.58176803588867,619804.7647606251,0.0641326904296875,0.1300811767578125,-1.07659912109375,619804.7718696251,0.3399354689176383,0.07557838120757672,0.03358219502979019
2015-04-09 17:44:39.799,262,1428590678.835832,51.73566327435126,39.26771574657342,92.95758,1428590679.762258,50.58176803588867,619804.784210625,0.0590972900390625,0.054412841796875,-0.9174041748046875,619804.7718696251,0.3399354689176383,0.07557838120757672,0.03358219502979019
2015-04-09 17:44:39.823,263,1428590678.835832,51.73566327435126,39.26771574657342,92.95758,1428590679.801448,50.15761184692383,619804.803679625,0.047088623046875,0.00567626953125,-0.7835693359375,619804.793537625,-0.03865152216475602,-0.0408156068665544,0.09249664466452309
2015-04-09 17:44:39.859,264,1428590679.835889,51.7356430320551,39.26790341738543,92.99146,1428590679.844075,50.93493270874023,619804.8231496251,0.08612060546875,-0.03961181640625,-0.7740478515625,619804.815204625,-0.1757281518966605,0.01687325603452404,0.2181512427971868
2015-04-09 17:44:39.861,265,1428590679.835889,51.7356430320551,39.26790341738543,92.99146,1428590679.844075,50.93493270874023,619804.8426216251,0.1253662109375,-0.0522003173828125,-0.833587646484375,619804.836872625,-0.2749444846236715,0.06973806893703295,0.2946284408726652
2015-04-09 17:44:39.877,266,1428590679.835889,51.7356430320551,39.26790341738543,92.99146,1428590679.844075,50.93493270874023,619804.862091625,0.1252288818359375,-0.029022216796875,-0.8707427978515625,619804.8585396251,-0.3228635410657943,-0.03874633069956283,0.2749439519914536
2015-04-09 17:44:39.896,267,1428590679.835889,51.7356430320551,39.26790341738543,92.99146,1428590679.878801,51.01695251464844,619804.8815616251,0.1062164306640625,0.00408935546875,-0.883056640625,619804.8585396251,-0.3228635410657943,-0.03874633069956283,0.2749439519914536
2015-04-09 17:44:39.932,268,1428590679.835889,51.7356430320551,39.26790341738543,92.99146,1428590679.919214,51.23392105102539,619804.901030625,0.0600128173828125,0.01904296875,-0.9089508056640625,619804.901905625,-0.184483293980296,-0.1287795513557626,0.215774371524291
2015-04-09 17:44:39.935,269,1428590679.835889,51.7356430320551,39.26790341738543,92.99146,1428590679.919214,51.23392105102539,619804.9205026251,0.007049560546875,-0.006561279296875,-0.910491943359375,619804.923572625,-0.1136749006011602,-0.08409144194812401,0.2038260992936505
2015-04-09 17:44:39.954,270,1428590679.835889,51.7356430320551,39.26790341738543,92.99146,1428590679.919214,51.23392105102539,619804.939972625,0.0171356201171875,-0.05999755859375,-0.8920135498046875,619804.9452406251,-0.1326208949120929,-0.01442261519943312,0.1652281066668051
2015-04-09 17:44:39.974,271,1428590679.835889,51.7356430320551,39.26790341738543,92.99146,1428590679.958083,52.87932968139648,619804.9594276251,0.0003814697265625,-0.1086578369140625,-0.88092041015625,619804.9669076251,-0.2031957290636288,0.03461230573943284,0.1087240841347029
2015-04-09 17:44:40.009,272,1428590679.835889,51.7356430320551,39.26790341738543,92.99146,1428590679.997797,52.84782028198242,619804.978911625,-0.0141448974609375,-0.13226318359375,-0.866790771484375,619804.9669076251,-0.2031957290636288,0.03461230573943284,0.1087240841347029
2015-04-09 17:44:40.013,273,1428590679.835889,51.7356430320551,39.26790341738543,92.99146,1428590679.997797,52.84782028198242,619804.9983516251,-0.0218048095703125,-0.154083251953125,-0.870635986328125,619804.988575625,-0.2649515052653672,0.06678089486260896,0.03404505242724596
2015-04-09 17:44:40.032,274,1428590679.835889,51.7356430320551,39.26790341738543,92.99146,1428590680.017854,52.74903869628906,619805.017822625,-0.0243682861328125,-0.148101806640625,-0.8915557861328125,619805.010242625,-0.2440933612917576,0.06911701977082647,-0.02261529766084388
2015-04-09 17:44:40.052,275,1428590679.835889,51.7356430320551,39.26790341738543,92.99146,1428590680.038178,52.45444488525391,619805.0372926251,-0.0041046142578125,-0.1336822509765625,-0.9393310546875,619805.031940625,-0.1642861465892441,0.02818796224183469,-0.12112962112451
2015-04-09 17:44:40.095,276,1428590679.835889,51.7356430320551,39.26790341738543,92.99146,1428590680.077156,52.65755462646484,619805.0567576251,0.0226593017578125,-0.13165283203125,-0.993682861328125,619805.0536086251,-0.07054527306343597,0.001882854890686021,-0.1538473540644605
2015-04-09 17:44:40.097,277,1428590679.835889,51.7356430320551,39.26790341738543,92.99146,1428590680.077156,52.65755462646484,619805.0762336251,0.03912353515625,-0.133148193359375,-1.031661987304688,619805.0536086251,-0.07054527306343597,0.001882854890686021,-0.1538473540644605
2015-04-09 17:44:40.110,278,1428590679.835889,51.7356430320551,39.26790341738543,92.99146,1428590680.077156,52.65755462646484,619805.095702625,0.0670013427734375,-0.1524505615234375,-1.0345458984375,619805.096943625,0.2053456990116497,0.0964090946219585,-0.1841589209595244
2015-04-09 17:44:40.130,279,1428590679.835889,51.7356430320551,39.26790341738543,92.99146,1428590680.117166,52.53814315795898,619805.1151436251,0.045318603515625,-0.1928558349609375,-1.045928955078125,619805.118610625,0.2218082956060836,0.1181777733722662,-0.1558646985901955
2015-04-09 17:44:40.175,280,1428590679.835889,51.7356430320551,39.26790341738543,92.99146,1428590680.137295,52.66036605834961,619805.134612625,0.0282135009765625,-0.21893310546875,-1.0430908203125,619805.1402786251,0.163207300031653,0.08305360807132013,-0.1873179626445763
2015-04-09 17:44:40.177,281,1428590679.835889,51.7356430320551,39.26790341738543,92.99146,1428590680.176104,52.74343109130859,619805.1540826251,0.0236358642578125,-0.2262725830078125,-1.0465087890625,619805.1402786251,0.163207300031653,0.08305360807132013,-0.1873179626445763
2015-04-09 17:44:40.188,282,1428590679.835889,51.7356430320551,39.26790341738543,92.99146,1428590680.176104,52.74343109130859,619805.173552625,0.004913330078125,-0.2193450927734375,-1.055709838867188,619805.1619566251,0.08995332582349742,0.006785734457521899,-0.302955879285234
2015-04-09 17:44:40.207,283,1428590679.835889,51.7356430320551,39.26790341738543,92.99146,1428590680.196428,52.58003997802734,619805.1930246251,-0.024383544921875,-0.1525115966796875,-1.074737548828125,619805.183643625,-0.2098791981352916,-0.001270327839967797,-0.3269632112478623
2015-04-09 17:44:40.255,284,1428590679.835889,51.7356430320551,39.26790341738543,92.99146,1428590680.235669,52.73964691162109,619805.212493625,-0.040252685546875,-0.1222686767578125,-1.0941162109375,619805.205311625,-0.5753485229523916,0.03250308215609008,-0.406238060048469
2015-04-09 17:44:40.258,285,1428590679.835889,51.7356430320551,39.26790341738543,92.99146,1428590680.235669,52.73964691162109,619805.231944625,-0.036651611328125,-0.2323455810546875,-1.074539184570312,619805.2269786251,-0.5414083990720948,0.112020278615894,-0.4075853532439401
2015-04-09 17:44:40.266,286,1428590679.835889,51.7356430320551,39.26790341738543,92.99146,1428590680.235669,52.73964691162109,619805.251404625,0.04833984375,-0.0912322998046875,-1.115203857421875,619805.2486466251,-0.2469149804666966,0.1561573799939952,-0.3882539995232729
2015-04-09 17:44:40.285,287,1428590679.835889,51.7356430320551,39.26790341738543,92.99146,1428590680.276529,53.41086959838867,619805.2708746251,0.0314788818359375,-0.0419769287109375,-1.228836059570312,619805.270319625,-0.05164268827827155,0.1349453019115141,-0.4145449921206442
2015-04-09 17:44:40.335,288,1428590679.835889,51.7356430320551,39.26790341738543,92.99146,1428590680.315354,53.94054794311523,619805.290330625,0.01446533203125,0.007476806640625,-1.2669677734375,619805.292011625,0.4092871131805007,0.0555263760959341,-0.4081153223008658
2015-04-09 17:44:40.338,289,1428590679.835889,51.7356430320551,39.26790341738543,92.99146,1428590680.315354,53.94054794311523,619805.3098136251,0.0423583984375,0.085479736328125,-1.211288452148438,619805.313679625,0.8445791954572981,0.1941412476734684,-0.2816934674581503
2015-04-09 17:44:40.343,290,1428590679.835889,51.7356430320551,39.26790341738543,92.99146,1428590680.315354,53.94054794311523,619805.329253625,0.06109619140625,0.1303863525390625,-1.1802978515625,619805.3353466251,0.805587853937448,0.3422787843607989,-0.1878639106680426
2015-04-09 17:44:40.364,291,1428590679.835889,51.7356430320551,39.26790341738543,92.99146,1428590680.354856,53.92136383056641,619805.3487236251,0.0198974609375,0.0595245361328125,-1.082611083984375,619805.3353466251,0.805587853937448,0.3422787843607989,-0.1878639106680426
2015-04-09 17:44:40.415,292,1428590679.835889,51.7356430320551,39.26790341738543,92.99146,1428590680.375299,53.88200378417969,619805.368193625,-0.0067138671875,-0.0096435546875,-0.91845703125,619805.357007625,0.3752724207896816,0.403685420143628,-0.2121460808551671
2015-04-09 17:44:40.420,293,1428590679.835889,51.7356430320551,39.26790341738543,92.99146,1428590680.413861,54.30440139770508,619805.387653625,-0.05072021484375,-0.0424346923828125,-0.8159942626953125,619805.378681625,-0.1361903297211261,0.3215639184538356,-0.2811174257143662
2015-04-09 17:44:40.422,294,1428590679.835889,51.7356430320551,39.26790341738543,92.99146,1428590680.413861,54.30440139770508,619805.407135625,-0.0839996337890625,-0.0749053955078125,-0.8090667724609375,619805.400379625,-0.4119100605381197,0.1654704543260023,-0.3361228875010808
2015-04-09 17:44:40.441,295,1428590679.835889,51.7356430320551,39.26790341738543,92.99146,1428590680.43428,54.57350921630859,619805.4266046251,-0.0700836181640625,-0.0491790771484375,-0.8478240966796875,619805.4220466251,-0.3571951496263328,-0.02331224691811762,-0.3245035156650651
2015-04-09 17:44:40.462,296,1428590679.835889,51.7356430320551,39.26790341738543,92.99146,1428590680.43428,54.57350921630859,619805.446045625,-0.0080108642578125,-0.009490966796875,-0.908203125,619805.4437146251,-0.1516521103779082,-0.1368739631729495,-0.2179041014480274
2015-04-09 17:44:40.498,297,1428590679.835889,51.7356430320551,39.26790341738543,92.99146,1428590680.474523,54.71918869018555,619805.4655146251,0.062713623046875,0.0113067626953125,-0.97113037109375,619805.465381625,-0.005720470021490204,-0.07002089664479937,-0.09152938455660631
2015-04-09 17:44:40.501,298,1428590679.835889,51.7356430320551,39.26790341738543,92.99146,1428590680.474523,54.71918869018555,619805.484984625,0.119110107421875,-0.036834716796875,-0.9639434814453125,619805.487049625,0.004528971749788752,0.02646010332659128,-0.01308277885501426
2015-04-09 17:44:40.519,299,1428590679.835889,51.7356430320551,39.26790341738543,92.99146,1428590680.513188,54.76958847045898,619805.5044556251,0.11181640625,-0.0953369140625,-0.902191162109375,619805.508716625,-0.07136818984027045,0.168284084017671,-0.009591907298138393
2015-04-09 17:44:40.571,300,1428590679.835889,51.7356430320551,39.26790341738543,92.99146,1428590680.552886,55.72168350219727,619805.5239326251,0.0564117431640625,-0.1367950439453125,-0.8441619873046875,619805.5304146251,-0.3225125364341219,0.2504657731480992,-0.1025538062050983
2015-04-09 17:44:40.573,301,1428590679.835889,51.7356430320551,39.26790341738543,92.99146,1428590680.552886,55.72168350219727,619805.5433956251,-0.0010223388671875,-0.1707000732421875,-0.828369140625,619805.5304146251,-0.3225125364341219,0.2504657731480992,-0.1025538062050983
2015-04-09 17:44:40.577,302,1428590679.835889,51.7356430320551,39.26790341738543,92.99146,1428590680.552886,55.72168350219727,619805.562866625,-0.0440521240234375,-0.16326904296875,-0.820556640625,619805.552074625,-0.3469662141954474,0.2971725586620179,-0.1777766554071495
2015-04-09 17:44:40.597,303,1428590679.835889,51.7356430320551,39.26790341738543,92.99146,1428590680.59221,55.66930770874023,619805.5823176251,-0.06390380859375,-0.14117431640625,-0.85772705078125,619805.573749625,-0.2340093018241726,0.3408515963326255,-0.1515013754602097
2015-04-09 17:44:40.616,304,1428590679.835889,51.7356430320551,39.26790341738543,92.99146,1428590680.612774,55.82281112670898,619805.601776625,-0.0457763671875,-0.1301116943359375,-0.9782257080078125,619805.595417625,-0.1316938485366363,0.2762331882751609,-0.1043272051749821
2015-04-09 17:44:40.652,305,1428590679.835889,51.7356430320551,39.26790341738543,92.99146,1428590680.612774,55.82281112670898,619805.621239625,0.00299072265625,-0.1338653564453125,-1.03387451171875,619805.6170846251,0.04168992265242742,0.2083340320708277,0.008170844540472112
2015-04-09 17:44:40.655,306,1428590679.835889,51.7356430320551,39.26790341738543,92.99146,1428590680.651671,55.41114807128906,619805.640715625,0.0152130126953125,-0.13494873046875,-1.064987182617188,619805.6387526251,0.2463418682001115,0.1633282075451426,0.09584024341311757
2015-04-09 17:44:40.674,307,1428590679.835889,51.7356430320551,39.26790341738543,92.99146,1428590680.671719,55.41325759887695,619805.6601876251,0.0305633544921875,-0.14337158203125,-1.07769775390625,619805.660450625,0.2566999669438657,0.09846958235735281,0.1428303892670207
2015-04-09 17:44:40.694,308,1428590679.835889,51.7356430320551,39.26790341738543,92.99146,1428590680.671719,55.41325759887695,619805.679657625,0.030487060546875,-0.1659698486328125,-1.065170288085938,619805.682117625,0.08689175583434233,0.04386492631469513,0.1410804261147296
2015-04-09 17:44:40.733,309,1428590679.835889,51.7356430320551,39.26790341738543,92.99146,1428590680.711296,55.21467590332031,619805.6991266251,0.0110931396484375,-0.20050048828125,-1.026168823242188,619805.7037856251,0.02793735878325823,0.07995182434970484,0.2022854606030397
2015-04-09 17:44:40.736,310,1428590679.835889,51.7356430320551,39.26790341738543,92.99146,1428590680.733512,55.18931579589844,619805.718597625,-0.0003509521484375,-0.217010498046875,-0.9796142578125,619805.7254526251,0.122910210629337,0.1019788297257502,0.2548123183632175
2015-04-09 17:44:40.752,311,1428590679.835889,51.7356430320551,39.26790341738543,92.99146,1428590680.733512,55.18931579589844,619805.7380516251,-0.0035400390625,-0.22479248046875,-0.9882049560546875,619805.7254526251,0.122910210629337,0.1019788297257502,0.2548123183632175
2015-04-09 17:44:40.772,312,1428590679.835889,51.7356430320551,39.26790341738543,92.99146,1428590680.733512,55.18931579589844,619805.757520625,-0.0288848876953125,-0.17645263671875,-1.063079833984375,619805.747123625,-0.003759318194755853,0.1390689405433928,0.3052962652511956
2015-04-09 17:44:40.813,313,1428590679.835889,51.7356430320551,39.26790341738543,92.99146,1428590680.793738,55.03452682495117,619805.776985625,0.0128173828125,-0.1402587890625,-1.08636474609375,619805.768787625,-0.3423890392299282,0.2235579924422656,0.2704421444847836
2015-04-09 17:44:40.816,314,1428590679.835889,51.7356430320551,39.26790341738543,92.99146,1428590680.793738,55.03452682495117,619805.796444625,-0.0214385986328125,-0.2431640625,-1.074249267578125,619805.790485625,-0.6017835925647361,0.1156139481908469,0.2002611918584705
2015-04-09 17:44:40.830,315,1428590679.835889,51.7356430320551,39.26790341738543,92.99146,1428590680.793738,55.03452682495117,619805.8159156251,0.074432373046875,-0.177520751953125,-1.080032348632812,619805.8121536251,-0.3056486014634131,0.07893929050325671,0.137799411651752
2015-04-09 17:44:40.850,316,1428590680.834627,51.73552136873057,39.26795521754703,92.75903,1428590680.831976,54.81364059448242,619805.835373625,0.1267852783203125,-0.109832763671875,-1.132797241210938,619805.8121536251,-0.3056486014634131,0.07893929050325671,0.137799411651752
2015-04-09 17:44:40.885,317,1428590680.834627,51.73552136873057,39.26795521754703,92.75903,1428590680.870013,54.62752914428711,619805.8549562917,0.1106109619140625,-0.0687713623046875,-1.21575927734375,619805.8555872916,0.09965255851356601,0.2109236899148207,0.02240730477970869
2015-04-09 17:44:40.889,318,1428590680.834627,51.73552136873057,39.26795521754703,92.75903,1428590680.870013,54.62752914428711,619805.8744262917,0.0781097412109375,-0.0401611328125,-1.163986206054688,619805.8772542917,0.3429586893870962,0.2258800025967057,-0.03200187523893717
2015-04-09 17:44:40.908,319,1428590680.834627,51.73552136873057,39.26795521754703,92.75903,1428590680.870013,54.62752914428711,619805.8938972917,0.0732421875,-0.03338623046875,-1.115631103515625,619805.8989222917,0.6820102551389372,0.2678215939721456,0.03043167546022645
2015-04-09 17:44:40.928,320,1428590680.834627,51.73552136873057,39.26795521754703,92.75903,1428590680.909675,54.61509323120117,619805.9133362917,0.06219482421875,0.005401611328125,-1.065765380859375,619805.9206202917,0.7163775500580827,0.4187181655487983,0.1969383657663786
2015-04-09 17:44:40.975,321,1428590680.834627,51.73552136873057,39.26795521754703,92.75903,1428590680.949559,54.82723999023438,619805.9328072917,0.054412841796875,0.037384033203125,-1.023666381835938,619805.9206202917,0.7163775500580827,0.4187181655487983,0.1969383657663786
2015-04-09 17:44:40.978,322,1428590680.834627,51.73552136873057,39.26795521754703,92.75903,1428590680.949559,54.82723999023438,619805.9522782917,0.0536956787109375,0.0093994140625,-0.9099273681640625,619805.9422642917,0.4805343955072816,0.4759745310888479,0.2434837637182385
2015-04-09 17:44:40.986,323,1428590680.834627,51.73552136873057,39.26795521754703,92.75903,1428590680.949559,54.82723999023438,619805.9717472917,0.072845458984375,-0.041473388671875,-0.81927490234375,619805.9639552917,0.1584967006955208,0.2811278120426175,0.1341458209522723
2015-04-09 17:44:41.006,324,1428590680.834627,51.73552136873057,39.26795521754703,92.75903,1428590680.987857,54.71376419067383,619805.9912182917,0.09417724609375,-0.088409423828125,-0.8365631103515625,619805.9856222917,-0.2510239717125798,0.02349600503333309,0.03637505206495628
2015-04-09 17:44:41.055,325,1428590680.834627,51.73552136873057,39.26795521754703,92.75903,1428590681.027575,54.22131729125977,619806.0106562917,0.12542724609375,-0.103729248046875,-0.9034881591796875,619806.0072892917,-0.5028740559953022,-0.06731592392560588,0.08526696125328498
2015-04-09 17:44:41.058,326,1428590680.834627,51.73552136873057,39.26795521754703,92.75903,1428590681.047658,54.25410079956055,619806.0301272917,0.1780853271484375,-0.09307861328125,-0.9131011962890625,619806.0072892917,-0.5028740559953022,-0.06731592392560588,0.08526696125328498
2015-04-09 17:44:41.064,327,1428590680.834627,51.73552136873057,39.26795521754703,92.75903,1428590681.047658,54.25410079956055,619806.0495972917,0.2080078125,-0.018768310546875,-0.9261627197265625,619806.0506552916,-0.1428783261666421,0.04920056955866889,0.1036792580817658
2015-04-09 17:44:41.083,328,1428590680.834627,51.73552136873057,39.26795521754703,92.75903,1428590681.067834,54.08749008178711,619806.0690682917,0.1555633544921875,0.0169525146484375,-0.9954986572265625,619806.0723222917,-0.07628917890251886,0.1455649230743141,0.06292996392635439
2015-04-09 17:44:41.139,329,1428590680.834627,51.73552136873057,39.26795521754703,92.75903,1428590681.10693,54.56633377075195,619806.0885392918,0.10784912109375,-0.0234375,-1.015472412109375,619806.0939902917,-0.02292742014060117,0.3201183546141406,0.0201084641267523
2015-04-09 17:44:41.145,330,1428590680.834627,51.73552136873057,39.26795521754703,92.75903,1428590681.10693,54.56633377075195,619806.1079792917,0.0718536376953125,-0.083251953125,-0.93994140625,619806.1156572917,-0.01946531072349816,0.4271691746359467,-0.01182177207886174
2015-04-09 17:44:41.147,331,1428590680.834627,51.73552136873057,39.26795521754703,92.75903,1428590681.10693,54.56633377075195,619806.1274492918,0.0433197021484375,-0.13726806640625,-0.853485107421875,619806.1156572917,-0.01946531072349816,0.4271691746359467,-0.01182177207886174
2015-04-09 17:44:41.163,332,1428590680.834627,51.73552136873057,39.26795521754703,92.75903,1428590681.146342,55.25946426391602,619806.1469192917,0.029083251953125,-0.1658477783203125,-0.848052978515625,619806.1373252918,-0.3951941973240194,0.2854818141087881,0.03483068494881933
2015-04-09 17:44:41.181,333,1428590680.834627,51.73552136873057,39.26795521754703,92.75903,1428590681.146342,55.25946426391602,619806.1663882917,0.078094482421875,-0.206573486328125,-0.843475341796875,619806.1590182917,-0.7699339858956852,-0.131312750184646,-0.2393699787823931
2015-04-09 17:44:41.211,334,1428590680.834627,51.73552136873057,39.26795521754703,92.75903,1428590681.186749,55.49223327636719,619806.1858582917,0.0852813720703125,-0.223419189453125,-0.7195892333984375,619806.1806682918,-0.6845080339253224,-0.06508339598379245,-0.3237013715447332
2015-04-09 17:44:41.219,335,1428590680.834627,51.73552136873057,39.26795521754703,92.75903,1428590681.186749,55.49223327636719,619806.2052992918,0.0141754150390625,-0.142822265625,-0.8994598388671875,619806.2023582917,-0.3163731511731622,0.1106902959675084,-0.1859088841118154
