loggingTime,loggingSample,locationTimestamp_since1970,locationLatitude,locationLongitude,locationAltitude,locationSpeed,locationCourse,locationVerticalAccuracy,locationHorizontalAccuracy,locationFloor,locationHeadingTimestamp_since1970,locationHeadingX,locationHeadingY,locationHeadingZ,locationTrueHeading,locationMagneticHeading,locationHeadingAccuracy,accelerometerTimestamp_sinceReboot,accelerometerAccelerationX,accelerometerAccelerationY,accelerometerAccelerationZ,gyroTimestamp_sinceReboot,gyroRotationX,gyroRotationY,gyroRotationZ,motionTimestamp_sinceReboot,motionYaw,motionRoll,motionPitch,motionRotationRateX,motionRotationRateY,motionRotationRateZ,motionUserAccelerationX,motionUserAccelerationY,motionUserAccelerationZ,motionAttitudeReferenceFrame,motionQuaternionX,motionQuaternionY,motionQuaternionZ,motionQuaternionW,motionGravityX,motionGravityY,motionGravityZ,motionMagneticFieldX,motionMagneticFieldY,motionMagneticFieldZ,motionMagneticFieldCalibrationAccuracy
2015-05-02 22:45:44.080,1,1430595943.177964,51.7355016293486,39.26764441657743,97.61682,0.4,225.3515625,32,50,-9999,1430595944.066186,-19.01586723327637,-1.088523864746094,-42.11953735351562,83.47103118896484,74.047607421875,10,168144.8282281667,0.20086669921875,-0.1162567138671875,-1.10076904296875,168144.7636851667,-0.7741082245882753,0.1608365540292644,0.1725022648682475,168144.7420131667,2.589783674813363,0.10482802443896,0.2111294288922247,-0.1689651161432266,0.3491266071796417,0.2969824075698853,-0.02025091089308262,-0.1650694012641907,-0.02827458828687668,XArbitraryZVertical,-0.02146311469952498,0.1154368944274442,0.9570127634962601,0.2652173233738288,0.1023126766085625,-0.2095643877983093,-0.9724273085594177,0,0,0,-1
2015-05-02 22:45:44.179,2,1430595943.177964,51.7355016293486,39.26764441657743,97.61682,0.4,225.3515625,32,50,-9999,1430595944.066186,-19.01586723327637,-1.088523864746094,-42.11953735351562,83.47103118896484,74.047607421875,10,168144.9255181667,0.2261505126953125,-0.0766143798828125,-0.9562530517578125,168144.8612211667,-0.5198405226679791,-0.3911421977254638,0.06816493968112314,168144.8395411667,2.609928316116796,0.107457441521252,0.167964890516239,-0.4394007325172424,-0.2766537964344025,0.09078872203826904,0.07515152543783188,0.07353303581476212,-0.08866848796606064,XArbitraryZVertical,-0.02962839942700726,0.09487916027654042,0.9612695806721541,0.2570620473095518,0.1057414188981056,-0.1671762317419052,-0.9802402257919312,0,0,0,-1
2015-05-02 22:45:44.269,3,1430595943.177964,51.7355016293486,39.26764441657743,97.61682,0.4,225.3515625,32,50,-9999,1430595944.184937,-19.39229583740234,1.409584045410156,-41.88656616210938,81.44322204589844,72.01979827880859,10,168145.0228381667,0.1488800048828125,0.0167083740234375,-1.052291870117188,168144.9587541667,-0.1484363433616375,0.1042537019288959,0.5150641432529219,168144.9370861667,2.635317614704941,0.07468601613556229,0.1616477066141895,0.1225806400179863,0.02419781126081944,0.5040349960327148,0.1489055752754211,0.06740827113389969,0.05031314492225647,XArbitraryZVertical,-0.01582092671980484,0.08742804208255857,0.965053124852965,0.2465329632054294,0.07364385575056076,-0.1609446555376053,-0.9842121005058289,0,0,0,-1
2015-05-02 22:45:44.366,4,1430595944.270006,51.73553054691454,39.2675753496953,105.6089,0.55,15.1171875,32,50,-9999,1430595944.303795,-19.32385444641113,2.504646301269531,-41.62030792236328,79.81337738037109,70.38995361328125,10,168145.1201281667,0.10784912109375,-0.1835174560546875,-0.78497314453125,168145.0562571667,0.1943825300682296,0.06456594378399005,0.1234556260205852,168145.0345911667,2.671428450318645,0.08043101405119003,0.1469874881052619,0.180582270026207,-0.008878559805452824,0.1700016558170319,0.0552724152803421,0.154301792383194,-0.05707201734185219,XArbitraryZVertical,-0.02190416570003556,0.08068956128915954,0.9697734648273687,0.2292353139039743,0.0794779509305954,-0.146458774805069,-0.9860187768936157,0,0,0,-1
2015-05-02 22:45:44.464,5,1430595944.270006,51.73553054691454,39.2675753496953,105.6089,0.55,15.1171875,32,50,-9999,1430595944.422798,-19.15275192260742,2.538864135742188,-41.85329437255859,79.67657470703125,70.25315093994141,10,168145.2174431667,0.14630126953125,-0.16571044921875,-0.95452880859375,168145.1537911667,-0.2835733928716373,0.3363865404489987,0.06477473561345228,168145.1321241667,2.680987631296981,0.08937062376914655,0.158142804639246,-0.2088525295257568,0.2738699913024902,0.04968441650271416,0.02727950923144817,-0.03082425706088543,0.1760089546442032,XArbitraryZVertical,-0.02534214747362576,0.08699190112906806,0.970391987312814,0.2238963502570956,0.08813796937465668,-0.1574844568967819,-0.9835803508758545,0,0,0,-1
2015-05-02 22:45:44.579,6,1430595944.270006,51.73553054691454,39.2675753496953,105.6089,0.55,15.1171875,32,50,-9999,1430595944.541887,-18.26301193237305,3.223289489746094,-41.18762969970703,78.30910491943359,68.88568115234375,10,168145.3147401667,0.12548828125,-0.270263671875,-1.066207885742188,168145.2513261667,-0.1143004771412198,-0.0496144247920672,0.01246625706266091,168145.2296581667,2.689011947123599,0.1028624590741504,0.15140815661479,-0.04354164004325867,-0.1119963154196739,0.05551674962043762,0.04191090166568756,-0.02331823110580444,0.02622691169381142,XArbitraryZVertical,-0.03300781590796555,0.08510732227184022,0.971301707768882,0.2196365640551256,0.1015064567327499,-0.1508303284645081,-0.983334481716156,0,0,0,-1
2015-05-02 22:45:44.659,7,1430595944.270006,51.73553054691454,39.2675753496953,105.6089,0.55,15.1171875,32,50,-9999,1430595944.541887,-18.26301193237305,3.223289489746094,-41.18762969970703,78.30910491943359,68.88568115234375,10,168145.4120601667,0.12713623046875,-0.344085693359375,-1.016433715820312,168145.3488601667,-0.0001597896654047543,0.03356967817266681,-0.05797062534440883,168145.3271621667,2.683989790140151,0.09474693334723661,0.1620435648148962,0.1329422146081924,-0.1262744516134262,-0.08621641993522644,0.034258633852005,-0.1235615164041519,-0.07048998773097992,XArbitraryZVertical,-0.02763442179618852,0.08944106841975406,0.970524160003346,0.2220799154847383,0.093365877866745,-0.1613353341817856,-0.9824732542037964,0,0,0,-1
2015-05-02 22:45:44.755,8,1430595944.270006,51.73553054691454,39.2675753496953,105.6089,0.55,15.1171875,32,50,-9999,1430595944.658706,-18.84476089477539,3.120628356933594,-42.3525390625,77.26986694335938,67.84644317626953,10,168145.5093811667,0.1112518310546875,0.0856170654296875,-1.340682983398438,168145.4463631667,-0.7264174010515724,0.05883641901479358,-0.293143994881055,168145.4246961667,2.684274769410352,0.09159076719446931,0.1592152158865793,-0.4975595772266388,-0.07233268767595291,0.006453486625105143,0.01240096520632505,-0.182749941945076,-0.05705442279577255,XArbitraryZVertical,-0.02643975810609339,0.08771646786136754,0.9706939757332183,0.2221710285623222,0.09030594676733017,-0.1585433930158615,-0.9832135438919067,0,0,0,-1
2015-05-02 22:45:44.852,9,1430595944.270006,51.73553054691454,39.2675753496953,105.6089,0.55,15.1171875,32,50,-9999,1430595944.77751,-19.35807609558105,5.618751525878906,-42.11953735351562,75.15647125244141,65.73304748535156,10,168145.6067011667,-0.0834503173828125,-0.0814208984375,-0.7906494140625,168145.5438981667,0.8910827817800437,-0.1883723081201387,-0.2448928422509994,168145.5222301667,2.647470923933372,0.08441347675240515,0.1135844560573329,0.4816329479217529,-0.2800357341766357,-0.3487724363803864,0.04327471181750298,0.2079143524169922,-0.3357872068881989,XArbitraryZVertical,-0.02697803227132423,0.06529131490415466,0.9677956745626599,0.241621113048186,0.08376996964216232,-0.1133403778076172,-0.9900184869766235,0,0,0,-1
2015-05-02 22:45:44.950,10,1430595944.270006,51.73553054691454,39.2675753496953,105.6089,0.55,15.1171875,32,50,-9999,1430595944.896497,-20.21359634399414,2.504653930664062,-42.68537139892578,77.01663208007812,67.59320831298828,10,168145.7040211667,0.09124755859375,-0.0323028564453125,-0.9872589111328125,168145.6414151667,-0.02948279116383121,-0.111618141291292,-0.9143430970569049,168145.6197641667,2.603074092602626,0.06857943857532001,0.164891259882691,-0.07960212975740433,-0.1379670947790146,-0.7515953779220581,-0.1778867542743683,0.07547624409198761,0.129487931728363,XArbitraryZVertical,-0.01104120532103507,0.0884271952956858,0.9608801918526805,0.2622364959770801,0.06759622693061829,-0.1641450673341751,-0.9841174483299255,0,0,0,-1
2015-05-02 22:45:45.058,11,1430595944.270006,51.73553054691454,39.2675753496953,105.6089,0.55,15.1171875,32,50,-9999,1430595945.015122,-19.42651557922363,-0.1303482055664062,-41.65358734130859,81.47386932373047,72.05044555664062,10,168145.8013111667,0.0825042724609375,-0.2176361083984375,-0.7815399169921875,168145.7389351667,0.3341169945680331,0.2745980073658522,-0.3046312739270028,168145.7172681667,2.53043234522489,0.07071578856451687,0.1757701029832014,0.4039722979068756,0.1637734919786453,-0.3856101036071777,0.03304716199636459,0.1158912032842636,0.02075134962797165,XArbitraryZVertical,-0.007193333890982234,0.09424743140626687,0.9503316590899112,0.2965390621018677,0.06956819444894791,-0.1748664230108261,-0.9821313619613647,0,0,0,-1
2015-05-02 22:45:45.145,12,1430595944.270006,51.73553054691454,39.2675753496953,105.6089,0.55,15.1171875,32,50,-9999,1430595945.134434,-19.7345085144043,-1.396507263183594,-42.48567962646484,83.27464294433594,73.85121917724609,10,168145.8986391667,0.0752105712890625,-0.2866363525390625,-0.967437744140625,168145.8364701667,-0.06834789884801158,0.1221155233600574,-0.2099558971746859,168145.8148021667,2.506471792386332,0.08146097816687889,0.1959905433320176,-0.01928303763270378,-0.02218475006520748,-0.1665870845317841,-0.006952370516955853,-0.02419489622116089,0.1788813173770905,XArbitraryZVertical,-0.00797295031460667,0.1055230661393749,0.9459020409602771,0.3067093795158409,0.07981308549642563,-0.1947382092475891,-0.9776026010513306,0,0,0,-1
2015-05-02 22:45:45.242,13,1430595944.270006,51.73553054691454,39.2675753496953,105.6089,0.55,15.1171875,32,50,-9999,1430595945.134434,-19.7345085144043,-1.396507263183594,-42.48567962646484,83.27464294433594,73.85121917724609,10,168145.9959231667,0.1197357177734375,-0.3133392333984375,-1.09161376953125,168145.9340041667,0.08333776735963158,0.3412907515963796,0.2171027562760225,168145.9123361667,2.493139527471038,0.09107164596221892,0.2045556330034673,0.1167590171098709,0.17850361764431,0.08306183665990829,0.006729710381478071,-0.09482629597187042,-0.02353311888873577,XArbitraryZVertical,-0.01043015063717488,0.1111054325560406,0.9434470424418822,0.3121769897379867,0.08904971182346344,-0.2031320780515671,-0.9750936031341553,0,0,0,-1
2015-05-02 22:45:45.339,14,1430595945.273745,51.73553842590352,39.26758943129263,100.4846,0.55,35.859375,24,30,-9999,1430595945.252673,-18.67365837097168,-1.909820556640625,-42.31925964355469,82.30043029785156,72.87700653076172,10,168146.0932131667,0.282867431640625,-0.0251007080078125,-1.24578857421875,168146.0315381667,-0.3861519664748734,0.5094885491947321,0.6380153665630461,168146.0098401667,2.529681369664474,0.1060679281352304,0.2133170603862731,-0.2806920111179352,0.3471222519874573,0.605715811252594,0.008835155516862869,-0.115323431789875,-0.1180632710456848,XArbitraryZVertical,-0.01824002012076496,0.1172456648137023,0.9485075044048419,0.2936907724734829,0.1034695282578468,-0.2117029279470444,-0.9718415141105652,0,0,0,-1
2015-05-02 22:45:45.436,15,1430595945.273745,51.73553842590352,39.26758943129263,100.4846,0.55,35.859375,24,30,-9999,1430595945.371412,-17.13372421264648,-0.16455078125,-43.28448486328125,78.58536529541016,69.16194152832031,10,168146.1905331667,0.180694580078125,-0.044586181640625,-0.8047027587890625,168146.1290371667,0.6179340666794126,-0.1227062124898369,0.3832054450448097,168146.1073711667,2.580244111065381,0.1146430975442733,0.2085892682146017,0.5081080794334412,-0.218182772397995,0.3747913837432861,0.1454879343509674,0.1983214020729065,-0.2492589056491852,XArbitraryZVertical,-0.02595893663404211,0.1156509451147135,0.9557302814774217,0.2693150971816786,0.1119125783443451,-0.2070799469947815,-0.9719020128250122,0,0,0,-1
2015-05-02 22:45:45.541,16,1430595945.273745,51.73553842590352,39.26758943129263,100.4846,0.55,35.859375,24,30,-9999,1430595945.490464,-17.64703559875488,-0.4041061401367188,-42.51895141601562,77.22254180908203,67.79911804199219,10,168146.2878241667,0.1219329833984375,-0.02935791015625,-0.9735107421875,168146.2265611667,-0.5366072522588999,-0.104558900189819,0.1548236689200835,168146.2049081667,2.605886896901526,0.09035190404251246,0.2216102296100673,-0.6623436808586121,-0.1976123303174973,0.1716503649950027,0.09598328173160553,0.1911752671003342,0.1101916804909706,XArbitraryZVertical,-0.01404713104971443,0.118405610529846,0.9587712703375753,0.2579543383616265,0.08802245557308197,-0.2198007553815842,-0.9715656042098999,0,0,0,-1
2015-05-02 22:45:45.631,17,1430595945.273745,51.73553842590352,39.26758943129263,100.4846,0.55,35.859375,24,30,-9999,1430595945.608002,-18.87898445129395,0.00655364990234375,-43.9168701171875,77.13166809082031,67.70824432373047,10,168146.3851431667,0.004150390625,-0.2365875244140625,-0.76904296875,168146.3241101667,0.2091223277534911,0.1508920442027996,0.5026290451750149,168146.3024421667,2.635822879696418,0.07801789515543764,0.2191095915787064,0.2853986918926239,0.07394479215145111,0.4886806011199951,0.03328437730669975,0.1533194482326508,0.0492483489215374,XArbitraryZVertical,-0.01019751286285693,0.1154767760165525,0.9627249106322993,0.2443805871591521,0.07607536762952805,-0.2173605859279633,-0.973122239112854,0,0,0,-1
2015-05-02 22:45:45.729,18,1430595945.273745,51.73553842590352,39.26758943129263,100.4846,0.55,35.859375,24,30,-9999,1430595945.727143,-17.37327194213867,-0.3356552124023438,-43.18463897705078,74.94469451904297,65.52127075195312,10,168146.4824481667,0.1359100341796875,-0.2694549560546875,-1.03631591796875,168146.4216441667,-0.02066426584625183,0.2151330823337999,-0.1091387383164283,168146.3999461667,2.667872529346407,0.08174109749333312,0.2496977471589052,0.2109809368848801,0.2111422717571259,0.03015151433646679,-0.07748521119356155,0.008219489827752113,0.1910020112991333,XArbitraryZVertical,-0.01021368842498649,0.1304599531606505,0.9649018250130443,0.2276847585512936,0.07911790162324905,-0.2471110969781876,-0.9657517671585083,0,0,0,-1
2015-05-02 22:45:45.826,19,1430595945.273745,51.73553842590352,39.26758943129263,100.4846,0.55,35.859375,24,30,-9999,1430595945.727143,-17.37327194213867,-0.3356552124023438,-43.18463897705078,74.94469451904297,65.52127075195312,10,168146.5797541667,0.107391357421875,-0.2708740234375,-1.074554443359375,168146.5191481667,-0.3258356288423228,-0.1385456293891922,-0.2241960858394486,168146.4974801667,2.656932426252382,0.07485060118932595,0.2368413186678902,-0.2984878718852997,-0.2853257358074188,-0.1714445203542709,0.05471774190664291,-0.0252696555107832,-0.1004315763711929,XArbitraryZVertical,-0.007738288653108379,0.1235275610752668,0.9643683150644472,0.2338264601007806,0.07269314676523209,-0.2346332967281342,-0.9693621397018433,0,0,0,-1
2015-05-02 22:45:45.939,20,1430595945.273745,51.73553842590352,39.26758943129263,100.4846,0.55,35.859375,24,30,-9999,1430595945.845675,-18.29723358154297,0.725189208984375,-43.08478546142578,75.41120147705078,65.98777770996094,10,168146.6770741667,0.01739501953125,0.0829315185546875,-1.238815307617188,168146.6166821667,-0.8046293822611285,-0.3009710253247979,-0.7261470902009294,168146.5950141667,2.637932007938617,0.06003760918795704,0.2085474938884307,-0.5372899174690247,-0.3238139152526855,-0.423927515745163,0.00442413566634059,-0.171531468629837,-0.08051313459873199,XArbitraryZVertical,-0.002985829617257653,0.1081946742139172,0.963542197590797,0.2446863926644142,0.05870147421956062,-0.207039088010788,-0.9765700101852417,0,0,0,-1
2015-05-02 22:45:46.020,21,1430595945.273745,51.73553842590352,39.26758943129263,100.4846,0.55,35.859375,24,30,-9999,1430595945.964417,-19.76872444152832,0.8278579711914062,-43.05152130126953,78.47060394287109,69.04718017578125,10,168146.7743781667,-0.0501556396484375,-0.0083465576171875,-0.8512420654296875,168146.7142161667,0.7495887667480249,0.0802330541608172,-0.5216152532184078,168146.6925491667,2.56918008444066,0.03321368815445144,0.1986929019162542,0.9735714793205261,-0.1732481867074966,-0.5163542628288269,-0.02138480357825756,0.2477115988731384,-0.1620609611272812,XArbitraryZVertical,0.01214498151937564,0.09980042795615282,0.954924929152666,0.2793040523988581,0.03255423530936241,-0.1973881125450134,-0.9797847270965576,0,0,0,-1
2015-05-02 22:45:46.118,22,1430595945.273745,51.73553842590352,39.26758943129263,100.4846,0.55,35.859375,24,30,-9999,1430595946.083051,-19.76872444152832,-2.594234466552734,-42.98495483398438,83.30101776123047,73.87759399414062,10,168146.8716931667,0.0688018798828125,-0.1261138916015625,-0.8845062255859375,168146.8117201667,-0.3178285687088905,-0.1696691941006212,-0.7020686518371959,168146.7900521667,2.501310708421195,0.04255690477525553,0.2258666198953651,-0.2586595714092255,-0.263847142457962,-0.8485451936721802,-0.0757346972823143,0.232160285115242,0.08764009922742844,XArbitraryZVertical,0.01538948678476309,0.1135965363805979,0.9436856036865371,0.3103489520098218,0.0414634570479393,-0.223951056599617,-0.973717987537384,0,0,0,-1
2015-05-02 22:45:46.215,23,1430595946.162406,51.73553075646212,39.26762228835306,97.26782,0.99,74.8828125,16,30,-9999,1430595946.201793,-20.38470077514648,-2.731117248535156,-43.78375244140625,85.53266143798828,76.10923767089844,10,168146.9690111667,0.0204010009765625,-0.246734619140625,-0.9467926025390625,168146.9092541667,-0.08725740785201021,0.1135148446196465,-0.2672969512374,168146.8875791667,2.448467585226751,0.04280731858116628,0.2092354739720856,0.03582412376999855,0.006428212858736515,-0.3449925780296326,0.02524725161492825,0.07068818062543869,0.110167421400547,XArbitraryZVertical,0.01544272525184588,0.1054256988064025,0.9359483605847891,0.3356301693629597,0.0418609045445919,-0.2077121138572693,-0.9772939085960388,0,0,0,-1
2015-05-02 22:45:46.313,24,1430595946.162406,51.73553075646212,39.26762228835306,97.26782,0.99,74.8828125,16,30,-9999,1430595946.201793,-20.38470077514648,-2.731117248535156,-43.78375244140625,85.53266143798828,76.10923767089844,10,168147.0662951667,0.0705413818359375,-0.258819580078125,-1.080062866210938,168147.0067881667,-0.1485082487110696,0.1787377902445591,-0.08950857792145418,168146.9851211667,2.428023538069749,0.05323939217284168,0.199677995825243,-0.1168191730976105,0.1159420982003212,-0.1682770699262619,-0.03773734718561172,-0.04830459132790565,0.00539887510240078,XArbitraryZVertical,0.009983673484880709,0.1026130647915754,0.9329547907365496,0.3449148353427751,0.05215690284967422,-0.1983537375926971,-0.9787417650222778,0,0,0,-1
2015-05-02 22:45:46.421,25,1430595946.162406,51.73553075646212,39.26762228835306,97.26782,0.99,74.8828125,16,30,-9999,1430595946.320602,-19.52917861938477,-2.286243438720703,-43.81704711914062,84.8443603515625,75.42093658447266,10,168147.1636161667,0.12384033203125,-0.235443115234375,-1.05810546875,168147.1043221667,-0.1048361352592962,0.3075346521474072,0.4128794511749086,168147.0826241667,2.440452822591666,0.06401491226867244,0.2064134638192162,0.111399382352829,0.1839447617530823,0.3801342248916626,0.0003292681067250669,-0.05873630940914154,-0.07473091781139374,XArbitraryZVertical,0.005467986416565069,0.107639921877282,0.9348334957414112,0.3383342778712791,0.06261323392391205,-0.204950824379921,-0.9767674803733826,0,0,0,-1
2015-05-02 22:45:46.507,26,1430595946.162406,51.73553075646212,39.26762228835306,97.26782,0.99,74.8828125,16,30,-9999,1430595946.439731,-18.33145332336426,-1.430717468261719,-43.18465423583984,82.57211303710938,73.14868927001953,10,168147.2609381667,0.1343841552734375,0.0141143798828125,-0.9738616943359375,168147.2018261667,-0.4677850444207452,0.1847647901075174,0.2913050821483553,168147.1801591667,2.48034529044025,0.07811438491818358,0.188822907763932,-0.5830035209655762,0.2000464349985123,0.3151466548442841,0.05813292041420937,-0.006907741073518991,-0.1082326993346214,XArbitraryZVertical,-0.006187766708024327,0.1017171112496262,0.9421046735414292,0.3194591130545222,0.07664796710014343,-0.1877028495073318,-0.9792307019233704,0,0,0,-1
2015-05-02 22:45:46.604,27,1430595946.162406,51.73553075646212,39.26762228835306,97.26782,0.99,74.8828125,16,30,-9999,1430595946.558422,-18.57099723815918,-1.53338623046875,-43.68390655517578,81.10573577880859,71.68231201171875,10,168147.3582271667,0.07781982421875,0.030975341796875,-1.01959228515625,168147.2993601667,-0.2109593762734278,0.154199690276678,0.3168117738046982,168147.2776931667,2.514488838241206,0.07980733473205863,0.2200435428408817,0.4692471325397491,0.1981717497110367,0.4026401340961456,0.04904594644904137,0.2067212164402008,0.08092081546783447,XArbitraryZVertical,-0.003878949350273565,0.1165935894897845,0.9460909136558748,0.3021636505928605,0.07780036330223083,-0.2182721197605133,-0.972781777381897,0,0,0,-1
2015-05-02 22:45:46.701,28,1430595946.162406,51.73553075646212,39.26762228835306,97.26782,0.99,74.8828125,16,30,-9999,1430595946.675961,-19.28963470458984,-0.33563232421875,-44.31629180908203,81.63094329833984,72.20751953125,10,168147.4555471667,0.0103607177734375,-0.2035980224609375,-0.7664794921875,168147.3968941667,0.03259283068482575,-0.003006975186808468,0.2345094434768895,168147.3752271667,2.542063067675109,0.06139414453068363,0.1858459884431301,-0.1230641230940819,-0.2599782943725586,0.1854734718799591,0.003406386589631438,0.1998994797468185,-0.0414559468626976,XArbitraryZVertical,-0.001809690468727082,0.09763389251376484,0.9516769333164495,0.2911620899883814,0.06029905751347542,-0.184778019785881,-0.9809287190437317,0,0,0,-1
2015-05-02 22:45:46.800,29,1430595946.162406,51.73553075646212,39.26762228835306,97.26782,0.99,74.8828125,16,30,-9999,1430595946.794546,-20.21359634399414,-0.9173812866210938,-43.88362121582031,81.69267272949219,72.26924896240234,10,168147.5528381667,0.114654541015625,-0.2246246337890625,-0.9859619140625,168147.4944291667,-0.04984398927803203,-0.01439971201405844,0.07796244301541565,168147.4727311667,2.564509713362093,0.04881625543686341,0.1897264370556845,0.106336884200573,-0.05721854418516159,0.1734108030796051,-0.03440196439623833,-0.03131942078471184,0.214879497885704,XArbitraryZVertical,0.003653664340342761,0.09769170556330928,0.9547232024778887,0.2809743547930498,0.04792125150561333,-0.1885902434587479,-0.9808859825134277,0,0,0,-1
2015-05-02 22:45:46.899,30,1430595946.162406,51.73553075646212,39.26762228835306,97.26782,0.99,74.8828125,16,30,-9999,1430595946.794546,-20.21359634399414,-0.9173812866210938,-43.88362121582031,81.69267272949219,72.26924896240234,10,168147.6501581667,0.060516357421875,-0.240234375,-1.186080932617188,168147.5919421667,-0.322383639437362,-0.07935980363938022,-0.1315652178559855,168147.5702821667,2.563644344622332,0.03474332405712677,0.1856702167597768,-0.2037718594074249,-0.2560252845287323,-0.09824249148368835,0.08622201532125473,-0.03792890533804893,-0.035801000893116,XArbitraryZVertical,0.009834324763751625,0.09377351051376377,0.9547240558631631,0.2821556165284405,0.03413931280374527,-0.1846052706241608,-0.9822196364402771,0,0,0,-1
2015-05-02 22:45:46.993,31,1430595946.162406,51.73553075646212,39.26762228835306,97.26782,0.99,74.8828125,16,30,-9999,1430595946.914202,-20.48736381530762,0.246124267578125,-43.88361358642578,80.57895660400391,71.15553283691406,10,168147.7474781667,0.0413665771484375,0.058807373046875,-1.307647705078125,168147.6894711667,-0.4073339508370366,0.08134545654814331,-0.2869316390062272,168147.6677991667,2.550343009304039,0.02086910309040971,0.1750761579776134,-0.06193958595395088,-0.07650807499885559,-0.1784908771514893,0.01758312247693539,-0.07015585899353027,-0.1627637147903442,XArbitraryZVertical,0.015525687956652,0.08665752367258844,0.953171275438549,0.2893336245292698,0.02054859139025211,-0.1741831302642822,-0.9844988584518433,0,0,0,-1
2015-05-02 22:45:47.091,32,1430595946.162406,51.73553075646212,39.26762228835306,97.26782,0.99,74.8828125,16,30,-9999,1430595947.033258,-21.00067520141602,0.5541000366210938,-43.51751708984375,82.42874908447266,73.00532531738281,10,168147.8447681667,-0.0940704345703125,-0.025970458984375,-0.767547607421875,168147.7870061667,0.9891401068006523,0.08180431920396396,-0.09355205540452149,168147.7653331667,2.521074807109795,0.01707272973240733,0.1601549729073219,0.683442234992981,-0.1468483656644821,-0.2125491350889206,0.03583517298102379,0.2626358568668365,-0.3347949385643005,XArbitraryZVertical,0.01631841844280118,0.07876771989818104,0.9493769503582835,0.303665542414611,0.01685342378914356,-0.1594711989164352,-0.987058699131012,0,0,0,-1
2015-05-02 22:45:47.188,33,1430595947.141071,51.73551445366045,39.26768632609329,86.19464,0.3,108.28125,16,10,-9999,1430595947.151372,-20.31625747680664,-2.320442199707031,-43.45093536376953,83.03923034667969,73.61580657958984,10,168147.9420901667,0.0748138427734375,-0.1329498291015625,-0.96014404296875,168147.8845171667,-0.3979811954047873,0.04632302400083827,-0.3525194377004807,168147.8628371667,2.501474932586536,0.01992066168511657,0.2155704350874893,-0.2260813266038895,-0.04238968342542648,-0.3408057987689972,-0.124087817966938,0.1952737122774124,0.1885289996862411,XArbitraryZVertical,0.02444485181773954,0.1052240028909452,0.9439987012334004,0.3117640301652136,0.01945830136537552,-0.2139046937227249,-0.9766607284545898,0,0,0,-1
2015-05-02 22:45:47.299,34,1430595947.141071,51.73551445366045,39.26768632609329,86.19464,0.3,108.28125,16,10,-9999,1430595947.270102,-20.62424850463867,-2.491546630859375,-43.68392181396484,84.82832336425781,75.40489959716797,10,168148.0394091667,-0.004119873046875,-0.2330322265625,-0.812255859375,168147.9820531667,0.08236864303895175,-0.07089521243067237,-0.04654486531964187,168147.9603711667,2.485767904852782,0.01147266960556723,0.1880959231387508,0.2634106576442719,-0.2161128968000412,-0.01933221518993378,0.04584357887506485,0.03090658970177174,0.06422184407711029,XArbitraryZVertical,0.02483799170211034,0.09074343312108737,0.9426909714012301,0.3201287802622515,0.01127006765455008,-0.1869887411594391,-0.982297420501709,0,0,0,-1
2015-05-02 22:45:47.383,35,1430595947.141071,51.73551445366045,39.26768632609329,86.19464,0.3,108.28125,16,10,-9999,1430595947.270102,-20.62424850463867,-2.491546630859375,-43.68392181396484,84.82832336425781,75.40489959716797,10,168148.1367011667,-0.0460662841796875,-0.245513916015625,-1.1668701171875,168148.0795711667,-0.498632971959351,0.3113000956126702,-0.1411733704367734,168148.0579051667,2.486844757196314,0.007491850476551673,0.1801143693736565,-0.3636958003044128,0.2047756612300873,0.02142757922410965,-0.02937376126646996,-0.03066625632345676,0.1279453784227371,XArbitraryZVertical,0.02538664036555986,0.08635807989725634,0.9431545626578526,0.3199332296981221,0.007370587438344955,-0.1791420876979828,-0.9837955832481384,0,0,0,-1
2015-05-02 22:45:47.480,36,1430595947.141071,51.73551445366045,39.26768632609329,86.19464,0.3,108.28125,16,10,-9999,1430595947.389062,-20.07671356201172,-1.122718811035156,-43.68392181396484,84.74317932128906,75.31975555419922,10,168148.2340211667,0.113037109375,-0.246612548828125,-1.082107543945312,168148.1771151667,-0.2437817714442183,0.3173960713478616,0.13800127926238,168148.1554391667,2.476973422388817,0.03495261262348787,0.157811154298588,-0.07181519269943237,0.3392044901847839,0.05591003596782684,-0.04671828076243401,-0.1086359098553658,-0.1644730269908905,XArbitraryZVertical,0.009242550082690032,0.08018322765515723,0.942655665173442,0.3238603436470318,0.03451124951243401,-0.1571569442749023,-0.9869704246520996,0,0,0,-1
2015-05-02 22:45:47.577,37,1430595947.141071,51.73551445366045,39.26768632609329,86.19464,0.3,108.28125,16,10,-9999,1430595947.507813,-18.74209785461426,-0.1303253173828125,-44.24974060058594,83.82669067382812,74.40326690673828,10,168148.3313411667,0.152069091796875,0.1472625732421875,-1.286224365234375,168148.2746411667,-0.4792238539348536,0.4077467408059989,0.4552021409023388,168148.2529431667,2.502559613734773,0.04791487097163594,0.1396624229334932,-0.4034016132354736,0.2282627075910568,0.3471869826316833,0.06148706376552582,-0.0934571847319603,-0.09218756109476089,XArbitraryZVertical,-0.0007768813325662935,0.07373014754053642,0.9473267787833446,0.3116652627403419,0.04743017256259918,-0.1392088383436203,-0.9891265034675598,0,0,0,-1
2015-05-02 22:45:47.675,38,1430595947.141071,51.73551445366045,39.26768632609329,86.19464,0.3,108.28125,16,10,-9999,1430595947.626929,-17.09950065612793,0.00655364990234375,-44.78227996826172,81.06103515625,71.63761138916016,10,168148.4286321667,0.135772705078125,-0.1087799072265625,-0.6602020263671875,168148.3721601667,1.292692800486173,0.1958240991662894,0.4951319803903329,168148.3504771667,2.554486975302796,0.06070206634038219,0.186328342921201,1.552288055419922,0.0860263928771019,0.6608129739761353,0.09988537430763245,0.2904156148433685,-0.1833492368459702,XArbitraryZVertical,-0.002016108939691437,0.09775161437726745,0.9534486937541512,0.285265044423378,0.05961475148797035,-0.1852520406246185,-0.9808810949325562,0,0,0,-1
2015-05-02 22:45:47.778,39,1430595947.141071,51.73551445366045,39.26768632609329,86.19464,0.3,108.28125,16,10,-9999,1430595947.74429,-17.74969863891602,-2.012470245361328,-44.21646118164062,77.90331268310547,68.47988891601562,10,168148.5259511667,0.04998779296875,-0.1304168701171875,-0.8907928466796875,168148.4696791667,-0.5216751743429346,0.1908599668943817,0.3899658794719758,168148.4480111667,2.592316749549234,0.04878973984563212,0.2396697556024912,-0.2712155282497406,-0.04935415089130402,0.3678405582904816,0.0778525322675705,0.139984980225563,0.2825468182563782,XArbitraryZVertical,0.009101733947475737,0.1216015302680266,0.9561271040013894,0.2663666406844659,0.0473763532936573,-0.2373818308115005,-0.9702604413032532,0,0,0,-1
2015-05-02 22:45:47.868,40,1430595947.141071,51.73551445366045,39.26768632609329,86.19464,0.3,108.28125,16,10,-9999,1430595947.862608,-18.50255584716797,1.614944458007812,-44.74899291992188,74.40621185302734,64.9827880859375,10,168148.6232681667,0.0668182373046875,-0.2584381103515625,-0.964935302734375,168148.5672131667,-0.4469167804349933,-0.06036480716439006,0.4414636917869471,168148.5455381667,2.633193327865231,0.03209764193915629,0.1950255159430896,-0.4221638739109039,-0.2470607310533524,0.410249263048172,0.006449598353356123,0.03481024503707886,0.06714629381895065,XArbitraryZVertical,0.00902098735615311,0.09823400367118668,0.9635357792484834,0.248731792133323,0.03148375079035759,-0.1937915682792664,-0.9805374145507812,0,0,0,-1
2015-05-02 22:45:47.966,41,1430595947.141071,51.73551445366045,39.26768632609329,86.19464,0.3,108.28125,16,10,-9999,1430595947.862608,-18.50255584716797,1.614944458007812,-44.74899291992188,74.40621185302734,64.9827880859375,10,168148.7205631667,0.0066070556640625,-0.18499755859375,-1.20635986328125,168148.6647471667,-0.3402840767043296,-0.01035277242157403,0.07358527144776142,168148.6430451667,2.662256577498203,0.01809854595008765,0.1583082273558748,-0.4344613254070282,-0.1624833792448044,0.01898231357336044,0.07874739915132523,-0.1111510097980499,-0.03425751253962517,XArbitraryZVertical,0.01000626101786892,0.07894958866304508,0.968505476382013,0.2359321500101579,0.01787125505506992,-0.1576478183269501,-0.9873336553573608,0,0,0,-1
2015-05-02 22:45:48.064,42,1430595947.141071,51.73551445366045,39.26768632609329,86.19464,0.3,108.28125,16,10,-9999,1430595947.981882,-18.70788192749023,5.037033081054688,-44.48272705078125,70.58780670166016,61.16438293457031,10,168148.8178821667,-0.00469970703125,-0.135040283203125,-1.122207641601562,168148.7622511667,-0.2038207729714704,0.1600400025472217,-0.3160280054958879,168148.7405781667,2.6633764204252,0.02152994975540752,0.1428042580380561,-0.08659013360738754,0.1327923983335495,-0.2040482610464096,-0.05513788014650345,-0.01090937666594982,-0.239092081785202,XArbitraryZVertical,0.006463409126688666,0.07185075363734783,0.969199769635998,0.2354729285538414,0.02130914479494095,-0.14231938123703,-0.9895913600921631,0,0,0,-1
2015-05-02 22:45:48.178,43,1430595948.142149,51.73549965960135,39.26773955117843,85.29669,0.33,117.0703125,12,10,-9999,1430595948.083493,-18.70787811279297,5.10546875,-45.61436462402344,71.7615966796875,62.33817291259766,10,168148.9151851667,-0.1195831298828125,0.0765380859375,-0.889862060546875,168148.8597851667,0.3729677211823271,-0.1123105631747126,-0.613575537239389,168148.8381161667,2.627836178977465,0.02123578875123699,0.136317904573977,0.1220597848296165,-0.197113424539566,-0.516076385974884,-0.04021750390529633,0.06443919986486435,-0.09983231872320175,XArbitraryZVertical,0.007056790743661162,0.0685590588110957,0.96507140471397,0.2527588593160061,0.02103720419108868,-0.1358961015939713,-0.99049973487854,0,0,0,-1
2015-05-02 22:45:48.260,44,1430595948.142149,51.73549965960135,39.26773955117843,85.29669,0.33,117.0703125,12,10,-9999,1430595948.201076,-19.46073722839355,1.683387756347656,-45.74750518798828,76.08030700683594,66.65688323974609,10,168149.0124901667,0.10675048828125,-0.0335235595703125,-0.994873046875,168148.9573191667,-0.1047820730891676,0.4308270263931706,-0.9783383254192909,168148.9356411667,2.565147543801027,0.03002539678383097,0.2018249639071918,0.5375581979751587,0.3051629066467285,-0.8202862143516541,-0.1827623695135117,0.2749814987182617,0.1684850454330444,XArbitraryZVertical,0.01431266920769647,0.1008203675315595,0.9541955211228013,0.2813206506108741,0.02941153384745121,-0.2004575878381729,-0.9792608022689819,0,0,0,-1
2015-05-02 22:45:48.356,45,1430595948.142149,51.73549965960135,39.26773955117843,85.29669,0.33,117.0703125,12,10,-9999,1430595948.318525,-17.40749359130859,0.9989700317382812,-46.01376342773438,79.18088531494141,69.75746154785156,10,168149.1097901667,0.1226043701171875,-0.1878814697265625,-0.857421875,168149.0548531667,-0.2720845159290354,-0.1421938937664917,-0.3046523128996145,168149.0331521667,2.485275401995729,0.05687118230036552,0.1706042665478165,-0.3287222385406494,-0.1693059206008911,-0.4730002880096436,0.1126553118228912,0.1059808805584908,-0.03007269464433193,XArbitraryZVertical,0.000631780988364208,0.08974994349950211,0.943594854135782,0.3187056631801182,0.05601533874869347,-0.1697778701782227,-0.983889102935791,0,0,0,-1
2015-05-02 22:45:48.453,46,1430595948.142149,51.73549965960135,39.26773955117843,85.29669,0.33,117.0703125,12,10,-9999,1430595948.437438,-18.81053924560547,0.827850341796875,-45.24825286865234,80.75491333007812,71.33148956298828,10,168149.2071051667,0.048797607421875,-0.2651214599609375,-0.9495697021484375,168149.1523571667,-0.01259275721443968,0.0652495772358134,0.1324469904929108,168149.1307031667,2.474558214607819,0.03482616291970507,0.1612891876846224,0.05359774827957153,-0.1513317972421646,0.1283245533704758,0.06464707106351852,-0.03034243173897266,0.1514463722705841,XArbitraryZVertical,0.009968629980335351,0.08178838656278897,0.9421422449202915,0.3249296486569239,0.03436720743775368,-0.160590797662735,-0.986422598361969,0,0,0,-1
2015-05-02 22:45:48.551,47,1430595948.142149,51.73549965960135,39.26773955117843,85.29669,0.33,117.0703125,12,10,-9999,1430595948.437438,-18.81053924560547,0.827850341796875,-45.24825286865234,80.75491333007812,71.33148956298828,10,168149.3044031667,0.1321258544921875,-0.218505859375,-1.271377563476562,168149.2498911667,-0.6391024689200165,0.5258677888470463,0.1795604407052845,168149.2282081667,2.489862510166712,0.0497130559357489,0.1676571513317292,-0.3173661828041077,0.4580060839653015,0.185220867395401,-0.01860030554234982,-0.1058322638273239,-0.03208538889884949,XArbitraryZVertical,0.00333288875029612,0.08722806348523025,0.9444219622687492,0.316934242355771,0.04899581521749496,-0.1668728142976761,-0.9847602844238281,0,0,0,-1
2015-05-02 22:45:48.659,48,1430595948.142149,51.73549965960135,39.26773955117843,85.29669,0.33,117.0703125,12,10,-9999,1430595948.556506,-16.65463066101074,3.394416809082031,-46.41315460205078,75.80619049072266,66.38276672363281,10,168149.4016761667,0.2028045654296875,0.221405029296875,-1.351882934570312,168149.3474251667,-0.6546055285736948,0.3378542085257413,0.6218140260715491,168149.3257581667,2.533564999818202,0.07570287770431165,0.1431900032408709,-0.1378113031387329,0.294808030128479,0.7336819767951965,0.03421325236558914,-0.1121816188097,-0.1403120160102844,XArbitraryZVertical,-0.01461605772738138,0.07950380168195591,0.9518269489364066,0.2957887348311686,0.07485657185316086,-0.1427011936903,-0.9869310259819031,0,0,0,-1
2015-05-02 22:45:48.747,49,1430595948.142149,51.73549965960135,39.26773955117843,85.29669,0.33,117.0703125,12,10,-9999,1430595948.673282,-16.34664535522461,4.797470092773438,-46.18016815185547,75.26021575927734,65.8367919921875,10,168149.4990041667,0.095489501953125,-0.0572662353515625,-0.635955810546875,168149.4449601667,1.441976029074456,0.1122663547006173,0.6301933961253744,168149.4232621667,2.59512078674291,0.07895900467311105,0.1382689495087419,1.205496072769165,-0.01958546601235867,0.6560356020927429,0.08940205723047256,0.347347229719162,-0.2665360867977142,XArbitraryZVertical,-0.01928779070778695,0.07709021049335528,0.9605897406689876,0.2663689747271181,0.07812418788671494,-0.1378287971019745,-0.9873701333999634,0,0,0,-1
2015-05-02 22:45:48.842,50,1430595948.142149,51.73549965960135,39.26773955117843,85.29669,0.33,117.0703125,12,10,-9999,1430595948.792133,-15.49112129211426,1.957138061523438,-46.87911224365234,70.81237030029297,61.38894271850586,10,168149.5962951667,0.1524505615234375,-0.0029754638671875,-1.073287963867188,168149.5424631667,-0.8254113598275619,0.1312317900875076,-0.09283752928405324,168149.5207961667,2.624609428542878,0.07738786482726233,0.2071989450996902,-0.5673603415489197,0.07906816154718399,0.02112014964222908,0.01314910780638456,0.1515508592128754,0.2373092472553253,XArbitraryZVertical,-0.01078330685063641,0.109739205054918,0.9618960104550754,0.2501941091190514,0.07565704733133316,-0.2057195603847504,-0.9756820797920227,0,0,0,-1
2015-05-02 22:45:48.940,51,1430595948.142149,51.73549965960135,39.26773955117843,85.29669,0.33,117.0703125,12,10,-9999,1430595948.911359,-15.90177536010742,4.147285461425781,-46.87911224365234,72.04338073730469,62.61995697021484,10,168149.6936151667,-0.02764892578125,-0.274627685546875,-0.65692138671875,168149.6399971667,0.2395193821195465,0.005173723049696936,0.4244503534790849,168149.6183301667,2.633759008421332,0.07315697125183655,0.1469802071000166,0.1133548989892006,-0.09655454009771347,0.3406270146369934,0.0522385910153389,0.1182838454842567,-0.03331029787659645,XArbitraryZVertical,-0.01687063985597178,0.08018372657534488,0.9653520954366417,0.247752463841256,0.0723036453127861,-0.1464515775442123,-0.9865719079971313,0,0,0,-1
2015-05-02 22:45:49.037,52,1430595948.142149,51.73549965960135,39.26773955117843,85.29669,0.33,117.0703125,12,10,-9999,1430595949.029758,-16.14131546020508,4.04461669921875,-47.64463043212891,72.02312469482422,62.59970092773438,10,168149.7909825,0.213653564453125,-0.202545166015625,-1.259735107421875,168149.7376085,-0.6649814704967525,0.133767652077481,-0.223774507438889,168149.7159405,2.654689519634389,0.06030672468534565,0.1621470628975288,-0.4221785068511963,-0.02441039122641087,-0.147184893488884,-0.06160058081150055,-0.1070104017853737,0.2904630303382874,XArbitraryZVertical,-0.009650839569838296,0.08580452968668704,0.9674727747317919,0.237783250321797,0.05947960913181305,-0.1614374816417694,-0.9850888848304749,0,0,0,-1
2015-05-02 22:45:49.141,53,1430595948.142149,51.73549965960135,39.26773955117843,85.29669,0.33,117.0703125,12,10,-9999,1430595949.029758,-16.14131546020508,4.04461669921875,-47.64463043212891,72.02312469482422,62.59970092773438,10,168149.8883025,0.0379486083984375,-0.234649658203125,-1.043853759765625,168149.8351425,0.1420788452074003,-0.08094491712019539,-0.3076369175332663,168149.8134745,2.628420873072645,0.06354627181836647,0.119914920056918,-0.0415552482008934,-0.151473343372345,-0.3666462898254395,0.1427478045225143,-0.07943842560052872,-0.3255150318145752,XArbitraryZVertical,-0.01547336679907456,0.0659781140450907,0.9655197284628445,0.2513545649793875,0.06304748356342316,-0.1196277365088463,-0.9908149242401123,0,0,0,-1
2015-05-02 22:45:49.232,54,1430595949.160188,51.73549282835027,39.26777274351499,88.03003,0.41,59.4140625,12,10,-9999,1430595949.148752,-16.07287788391113,4.04461669921875,-46.77925872802734,73.40739440917969,63.98396682739258,10,168149.9855925,0.0311279296875,0.2242431640625,-1.320510864257812,168149.9326765,-0.5490942819780634,-0.1482009199212745,-0.5174681787689365,168149.9109785,2.593958291761822,0.05431493985216679,0.1244148735532721,-0.4535068571567535,-0.167155385017395,-0.4396980106830597,-0.0433247908949852,-0.1585443913936615,-0.08257236331701279,XArbitraryZVertical,-0.009287591727559042,0.06715775624917558,0.9609856746531574,0.2681606039799306,0.0538686141371727,-0.1240941509604454,-0.9908071756362915,0,0,0,-1
2015-05-02 22:45:49.329,55,1430595949.160188,51.73549282835027,39.26777274351499,88.03003,0.41,59.4140625,12,10,-9999,1430595949.26752,-17.33904647827148,2.299354553222656,-47.14537811279297,77.07392883300781,67.65050506591797,10,168150.0828965,-0.102264404296875,-0.089752197265625,-0.6241455078125,168150.0301805,1.403766325334544,0.05457749179953887,-0.3772721884522222,168150.0085125,2.535761213177501,0.03942077074679552,0.1697206026089515,1.805094242095947,-0.1443436294794083,-0.4077000319957733,-0.01786347478628159,0.2898786664009094,-0.04110419750213623,XArbitraryZVertical,0.006534846999995011,0.08674194342302477,0.9513497252860957,0.2955788071292327,0.03884430974721909,-0.1689069718122482,-0.9848662614822388,0,0,0,-1
2015-05-02 22:45:49.426,56,1430595949.160188,51.73549282835027,39.26777274351499,88.03003,0.41,59.4140625,12,10,-9999,1430595949.386333,-16.5861930847168,-2.217800140380859,-47.14537048339844,80.75391387939453,71.33049011230469,10,168150.1802025,0.2288055419921875,-0.09173583984375,-1.102279663085938,168150.1277145,-0.9897590254379868,0.1017918758172267,-0.694575049161931,168150.1060465,2.475548383572352,0.05465943405382607,0.2035034936344044,-0.9042505025863647,0.03057191148400307,-0.8392382860183716,-0.08319846540689468,0.1378470063209534,0.2148861438035965,XArbitraryZVertical,0.00750154160514312,0.1048464661853276,0.9407269369657953,0.3224651538832289,0.05350485816597939,-0.2021017670631409,-0.9779018759727478,0,0,0,-1
2015-05-02 22:45:49.539,57,1430595949.160188,51.73549282835027,39.26777274351499,88.03003,0.41,59.4140625,12,10,-9999,1430595949.505371,-16.58618545532227,-1.670257568359375,-47.21194458007812,83.09232330322266,73.66889953613281,10,168150.2774935,0.0101470947265625,-0.2236785888671875,-0.86456298828125,168150.2252485,0.1757856761762062,-0.02672881628058027,0.2231747635614032,168150.2035805,2.4468920475008,0.05857362327656539,0.1659576227881118,0.2883894741535187,-0.06767458468675613,0.130066990852356,0.1074253022670746,0.03331515938043594,-0.005298934876918793,XArbitraryZVertical,0.0007630405132575749,0.08783395193659746,0.9374670683043785,0.3368087150017871,0.05773583054542542,-0.1651968657970428,-0.984569251537323,0,0,0,-1
2015-05-02 22:45:49.621,58,1430595949.160188,51.73549282835027,39.26777274351499,88.03003,0.41,59.4140625,12,10,-9999,1430595949.505371,-16.58618545532227,-1.670257568359375,-47.21194458007812,83.09232330322266,73.66889953613281,10,168150.3748145,0.1182098388671875,-0.2292938232421875,-1.207931518554688,168150.3227825,-0.2707659848733372,0.3641390758526054,0.08214227434629502,168150.3010805,2.46623815899077,0.05318502402853228,0.1667366643220522,-0.2135066241025925,0.1764597147703171,0.09629183262586594,-0.06778831034898758,-0.05353252217173576,0.02474578097462654,XArbitraryZVertical,0.002577236521178399,0.08731975486173997,0.9406508450921479,0.3279399425050482,0.05242270976305008,-0.1659651547670364,-0.9847372174263,0,0,0,-1
2015-05-02 22:45:49.718,59,1430595949.160188,51.73549282835027,39.26777274351499,88.03003,0.41,59.4140625,12,10,-9999,1430595949.623063,-16.55196952819824,-1.84136962890625,-47.84432220458984,83.53773498535156,74.11431121826172,10,168150.4721045,0.093231201171875,-0.1403961181640625,-1.164703369140625,168150.4202865,-0.1835139033435072,0.1656590061311799,0.5683223050484355,168150.3986185,2.491266662046423,0.07887538685966884,0.1641132325124225,0.08568304032087326,0.2503242492675781,0.4906054139137268,0.06926824897527695,-0.0784284844994545,-0.1762937009334564,XArbitraryZVertical,-0.01107140237849286,0.09016236341287537,0.9447082847453464,0.3150784489721094,0.07773492485284805,-0.1633775383234024,-0.983496367931366,0,0,0,-1
2015-05-02 22:45:49.815,60,1430595949.160188,51.73549282835027,39.26777274351499,88.03003,0.41,59.4140625,12,10,-9999,1430595949.741136,-14.97781181335449,-0.5409774780273438,-47.77774047851562,79.98894500732422,70.56552124023438,10,168150.5694245,0.1414337158203125,0.01470947265625,-0.7794189453125,168150.5178205,0.5071140747668174,0.1240140909011749,0.5142348348894713,168150.4961435,2.548880777892841,0.0758198468470989,0.1373028014786613,-0.1949283331632614,0.07269825786352158,0.4996421635150909,0.03954389691352844,0.164154514670372,-0.3004803955554962,XArbitraryZVertical,-0.01614463972983779,0.07660235553128567,0.9542278550294759,0.2886531316665134,0.07503435015678406,-0.136871799826622,-0.9877428412437439,0,0,0,-1
2015-05-02 22:45:49.913,61,1430595949.160188,51.73549282835027,39.26777274351499,88.03003,0.41,59.4140625,12,10,-9999,1430595949.859975,-13.9511833190918,-3.141754150390625,-46.84580993652344,77.14987182617188,67.72644805908203,10,168150.6667455,0.1120452880859375,-0.012237548828125,-0.9114990234375,168150.6153405,-0.3522009236341072,0.2683307903725687,0.3918727028124726,168150.5936875,2.598732657659548,0.08123956567327491,0.241037952842832,0.6551856994628906,0.2830935418605804,0.4946400821208954,0.04276253283023834,0.1967032551765442,0.3643876016139984,XArbitraryZVertical,-0.006630584208791659,0.12653876071685,0.9569205023804073,0.2612415156771804,0.07880423963069916,-0.2387107014656067,-0.9678879380226135,0,0,0,-1
2015-05-02 22:45:50.018,62,1430595949.160188,51.73549282835027,39.26777274351499,88.03003,0.41,59.4140625,12,10,-9999,1430595949.978816,-14.39605331420898,-1.738700866699219,-46.27999114990234,78.08124542236328,68.65782165527344,10,168150.7640345,-0.00738525390625,-0.155364990234375,-0.905364990234375,168150.7128885,-0.4119822322036609,-0.1556918594354494,0.2873154005193076,168150.6912215,2.637984890076062,0.07577638217203965,0.1842555769771956,-0.6850838661193848,-0.2360272258520126,0.2572108507156372,0.013346116989851,0.1712061017751694,-0.04481836035847664,XArbitraryZVertical,-0.0136241637851836,0.09843000966613902,0.9645336754985383,0.2445418250270203,0.0744224414229393,-0.1832147687673569,-0.9802518486976624,0,0,0,-1
2015-05-02 22:45:50.107,63,1430595949.160188,51.73549282835027,39.26777274351499,88.03003,0.41,59.4140625,12,10,-9999,1430595950.099037,-16.27820587158203,-0.4725341796875,-46.24671173095703,77.64173126220703,68.21830749511719,10,168150.8613545,0.1124725341796875,-0.1982269287109375,-1.062911987304688,168150.8103925,-0.2738802854520759,-0.1694963549458751,-0.1314677461600886,168150.7887255,2.661068816741197,0.06199889713503106,0.1570603582204399,-0.1570729166269302,-0.1761866062879562,0.01826292276382446,-0.04291652143001556,-0.0330071784555912,0.1105648055672646,XArbitraryZVertical,-0.01135277167601885,0.0835120973810249,0.9683956854324316,0.2347480364180559,0.06119655072689056,-0.1564154326915741,-0.9857937097549438,0,0,0,-1
2015-05-02 22:45:50.204,64,1430595950.155,51.7354997853299,39.2677862383791,93.75879,1.08,47.8125,12,10,-9999,1430595950.099037,-16.27820587158203,-0.4725341796875,-46.24671173095703,77.64173126220703,68.21830749511719,10,168150.9586765,0.0334014892578125,-0.2005157470703125,-1.075729370117188,168150.9079265,0.2164939576508304,-0.05777941037814113,-0.2602643417468278,168150.8862595,2.646301744051377,0.04091843819963722,0.160739877595293,0.2620507478713989,-0.2104282677173615,-0.1829795390367508,0.06936151534318924,-0.05149926245212555,-0.107634961605072,XArbitraryZVertical,-9.453516166975202e-05,0.08281635471877476,0.9665631612754203,0.2426872425972383,0.04037969559431076,-0.1600485891103745,-0.9862828850746155,0,0,0,-1
2015-05-02 22:45:50.302,65,1430595950.155,51.7354997853299,39.2677862383791,93.75879,1.08,47.8125,12,10,-9999,1430595950.216556,-16.44930648803711,-1.259605407714844,-46.67938995361328,77.25319671630859,67.82977294921875,10,168151.0559955,-0.0482025146484375,0.0570220947265625,-1.287033081054688,168151.0054605,-0.2807986453318837,-0.05236786704310013,-0.4921050314953488,168150.9837935,2.612024256327599,0.04149533664122788,0.1862733368570401,0.06959176063537598,-0.009384441189467907,-0.4742921888828278,-0.003397042630240321,-0.0190714169293642,-0.06749161332845688,XArbitraryZVertical,0.004397124623690472,0.0951473060348072,0.961264072572607,0.2586484839129674,0.04076581820845604,-0.1851979941129684,-0.9818553328514099,0,0,0,-1
2015-05-02 22:45:50.400,66,1430595950.155,51.7354997853299,39.2677862383791,93.75879,1.08,47.8125,12,10,-9999,1430595950.335086,-16.79151725769043,-2.628444671630859,-46.01373291015625,81.90515899658203,72.48173522949219,10,168151.1533165,-0.0358428955078125,-0.121185302734375,-0.6824188232421875,168151.1029905,1.32457936084991,0.0385535178366411,-0.4549821637962983,168151.0813275,2.554835407433897,0.02781470176484433,0.1817671306568708,0.8918091654777527,-0.3073411285877228,-0.6688625812530518,-0.0670715793967247,0.3477905690670013,-0.3475278615951538,XArbitraryZVertical,0.01298599386939254,0.09087731113869166,0.9535943671942193,0.2867585415273119,0.02735294960439205,-0.1807678788900375,-0.9831453561782837,0,0,0,-1
2015-05-02 22:45:50.498,67,1430595950.155,51.7354997853299,39.2677862383791,93.75879,1.08,47.8125,12,10,-9999,1430595950.454375,-16.44930839538574,-8.035327911376953,-44.8155517578125,85.6724853515625,76.24906158447266,10,168151.2506145,0.2391204833984375,-0.1080169677734375,-1.055862426757812,168151.2005295,-0.7730256496051582,0.2044900253534073,-0.7693805810211667,168151.1788315,2.506343493639474,0.04949428763017853,0.2621637735032368,-0.3111523389816284,0.1974447071552277,-0.6507956385612488,-0.06111980602145195,0.1318516582250595,0.2373995631933212,XArbitraryZVertical,0.01750343192726311,0.1317925590332533,0.9425518699887424,0.3064642289647322,0.04778362438082695,-0.2591710090637207,-0.9646487236022949,0,0,0,-1
2015-05-02 22:45:50.594,68,1430595950.155,51.7354997853299,39.2677862383791,93.75879,1.08,47.8125,12,10,-9999,1430595950.573266,-15.55956649780273,-7.48779296875,-44.54927825927734,89.02898406982422,79.60556030273438,10,168151.3479255,0.04473876953125,-0.2440948486328125,-0.864105224609375,168151.2980325,0.02108477898237535,0.2202612653288565,-0.01630973114786327,168151.2763655,2.460098103435197,0.0735130323065827,0.2392893275452125,0.3361111283302307,0.1378705203533173,-0.05448923259973526,0.11394864320755,0.07818352431058884,0.01130218245089054,XArbitraryZVertical,0.005474157436988465,0.1246140412237827,0.9366011188534678,0.3274442219564323,0.07135409116744995,-0.2370122671127319,-0.9688827395439148,0,0,0,-1
2015-05-02 22:45:50.692,69,1430595950.155,51.7354997853299,39.2677862383791,93.75879,1.08,47.8125,12,10,-9999,1430595950.573266,-15.55956649780273,-7.48779296875,-44.54927825927734,89.02898406982422,79.60556030273438,10,168151.4452175,0.090087890625,-0.2960052490234375,-1.03424072265625,168151.3955675,0.01351128147440801,0.3254148493900902,0.1953165006625203,168151.3738995,2.461277217575205,0.08559289064077977,0.2351149025962853,-0.09180554747581482,0.216515451669693,0.09357944130897522,-0.0362156480550766,0.005064713768661022,0.009225925430655479,XArbitraryZVertical,-0.0009583483425672524,0.1246408835478145,0.9370125534148458,0.3262992590550163,0.0831364244222641,-0.2329547256231308,-0.9689274430274963,0,0,0,-1
2015-05-02 22:45:50.789,70,1430595950.155,51.7354997853299,39.2677862383791,93.75879,1.08,47.8125,12,10,-9999,1430595950.691932,-13.50631332397461,-8.24066162109375,-45.28152465820312,90.29657745361328,80.87315368652344,10,168151.5425355,0.0634613037109375,-0.296630859375,-1.010238647460938,168151.4931015,0.08487121551529921,0.2482936989630306,0.6117826971935476,168151.4714335,2.495699398715133,0.1013416618085295,0.2603239075944749,0.2162648439407349,0.2304095476865768,0.5700617432594299,0.007922785356640816,-0.05245140939950943,-0.04950014501810074,XArbitraryZVertical,-0.006485438208505826,0.1388650864314301,0.9411620650429249,0.3080395984054,0.09775958955287933,-0.2573935687541962,-0.961348831653595,0,0,0,-1
2015-05-02 22:45:50.898,71,1430595950.155,51.7354997853299,39.2677862383791,93.75879,1.08,47.8125,12,10,-9999,1430595950.80985,-13.54053115844727,-8.480213165283203,-45.31480407714844,87.95977020263672,78.53634643554688,10,168151.6398735,0.2447662353515625,-0.0603179931640625,-1.187774658203125,168151.5906355,-0.3041050332956032,0.3755504548074859,0.3836605792751042,168151.5689675,2.550614510273455,0.1040665001429258,0.2661516450836141,-0.2472818344831467,0.2587063610553741,0.3146611452102661,-0.02977138943970203,-0.006403900217264891,-0.08440513908863068,XArbitraryZVertical,-0.01072960588566723,0.1417728178906092,0.948927758220675,0.2816406457583257,0.1002212166786194,-0.2630205452442169,-0.9595707058906555,0,0,0,-1
2015-05-02 22:45:50.984,72,1430595950.155,51.7354997853299,39.2677862383791,93.75879,1.08,47.8125,12,10,-9999,1430595950.92884,-12.95878219604492,-6.871841430664062,-45.21495819091797,85.38162231445312,75.95819854736328,10,168151.7371855,0.0906829833984375,-0.176422119140625,-0.6249542236328125,168151.6881695,0.9591169602516441,0.02487312563301306,0.864774478635587,168151.6664715,2.605297738957446,0.1193791416946993,0.2683392516578734,0.6987923383712769,0.1092411726713181,0.7269070744514465,0.1284219622612,0.2929167449474335,-0.2382524013519287,XArbitraryZVertical,-0.02162735519055384,0.1444203893179142,0.9560096879479199,0.254402211481018,0.114833652973175,-0.265130490064621,-0.9573500156402588,0,0,0,-1
2015-05-02 22:45:51.081,73,1430595950.155,51.7354997853299,39.2677862383791,93.75879,1.08,47.8125,12,10,-9999,1430595951.047955,-12.37702560424805,-8.206459045410156,-45.18167114257812,81.47653198242188,72.05310821533203,10,168151.8344695,0.1470489501953125,-0.0556793212890625,-1.219924926757812,168151.7856735,-0.8792410359930064,0.3553160231611729,0.07527478084330769,168151.7640055,2.670365766792017,0.1054509121155216,0.3073687368174055,-0.7030170559883118,0.2453877329826355,0.2700619101524353,-0.0001486190885771066,0.0869297981262207,0.215950682759285,XArbitraryZVertical,-0.0149556983975162,0.1608013567963111,0.9614586675666601,0.2225229904950007,0.1003225669264793,-0.3025517463684082,-0.9478384852409363,0,0,0,-1
2015-05-02 22:45:51.179,74,1430595951.156176,51.73550343145778,39.26779646430096,94.09479,0.55,54.84375,12,10,-9999,1430595951.166495,-12.95877838134766,-7.282497406005859,-46.280029296875,81.14480590820312,71.72138214111328,10,168151.9317895,0.058807373046875,-0.2641754150390625,-0.8145904541015625,168151.8832055,0.02399774458270401,0.08843851979546034,0.2350266293605829,168151.8615395,2.683652804297745,0.1200987398458677,0.2700548615387255,0.3161978423595428,0.0626329630613327,0.2357179522514343,0.01037136744707823,0.1464840173721313,-0.08470502495765686,XArbitraryZVertical,-0.02741531876161437,0.144365262124082,0.9651302047081515,0.2166350833753242,0.115467868745327,-0.2667843103408813,-0.956814169883728,0,0,0,-1
2015-05-02 22:45:51.275,75,1430595951.156176,51.73550343145778,39.26779646430096,94.09479,0.55,54.84375,12,10,-9999,1430595951.166495,-12.95877838134766,-7.282497406005859,-46.280029296875,81.14480590820312,71.72138214111328,10,168152.0291095,0.2211456298828125,-0.251129150390625,-1.050384521484375,168151.9807285,0.08139152923500168,0.1429656778503967,-0.2099620224451931,168151.9590745,2.683461227205534,0.1192126519431769,0.2697029699797028,-0.0168469175696373,0.01859111711382866,-0.2401440739631653,0.01508380845189095,0.01319503411650658,0.06552974134683609,XArbitraryZVertical,-0.02701479285838447,0.1441026830302694,0.9651421469589763,0.2168069507043109,0.1146311536431313,-0.2664451599121094,-0.9570092558860779,0,0,0,-1
2015-05-02 22:45:51.378,76,1430595951.156176,51.73550343145778,39.26779646430096,94.09479,0.55,54.84375,12,10,-9999,1430595951.285226,-12.44546890258789,-7.590484619140625,-44.7156982421875,82.87965393066406,73.45623016357422,10,168152.1264305,0.0665740966796875,-0.300689697265625,-0.8584136962890625,168152.0782725,0.1387621443858157,-0.2966937222980217,-0.4486667435872844,168152.0566085,2.654580566767421,0.1223130599346535,0.2957133093209423,0.2155334800481796,-0.5178329944610596,-0.3677463531494141,0.09305009245872498,0.02277603186666965,-0.003814460011199117,XArbitraryZVertical,-0.02321507400952014,0.1572804048579197,0.9602859662279839,0.2292919485111415,0.1167124807834625,-0.2914222776889801,-0.9494478702545166,0,0,0,-1
